"Gene","Description"
"Tb04.24M18.150","hypothetical protein, conserved"
"Tb07.30D13.130","hypothetical protein, conserved (pseudogene)"
"Tb07.30D13.160","hypothetical protein, conserved (pseudogene)"
"Tb07.30D13.180","hypothetical protein, conserved (pseudogene)"
"Tb07.30D13.80","hypothetical protein, conserved (pseudogene)"
"Tb11.02.5410","ubiquitin activating enzyme, putative"
"Tb927.1.05","variant surface glycoprotein (VSG), putative"
"Tb927.1.1040","hypothetical protein, unlikely"
"Tb927.1.10","hypothetical protein"
"Tb927.1.110","hypothetical protein, conserved"
"Tb927.1.1350","kinesin heavy chain, putative"
"Tb927.1.1480","hypothetical protein, unlikely"
"Tb927.1.1650","hypothetical protein, conserved"
"Tb927.1.1670","ARM-like helical domain-containing protein"
"Tb927.1.1730","conserved protein, unknown function"
"Tb927.1.180","retrotransposon hot spot protein 1 (RHS1), putative"
"Tb927.1.1850","hypothetical protein, conserved"
"Tb927.1.190","retrotransposon hot spot protein (RHS, pseudogene), putative"
"Tb927.1.1990","Pre-mRNA-splicing factor 38, putative"
"Tb927.1.200","hypothetical protein, unlikely"
"Tb927.1.2040","expression site-associated gene 2 (ESAG2) protein, putative"
"Tb927.1.20","expression site-associated gene (ESAG, pseudogene), putative,expression site-associated gene 3 (ESAG3), pseudogene"
"Tb927.1.220","retrotransposon hot spot protein 1 (RHS1), putative"
"Tb927.1.2290","hypothetical protein, unlikely"
"Tb927.1.2300","hypothetical protein, unlikely"
"Tb927.1.2330","beta tubulin"
"Tb927.1.2340","alpha tubulin"
"Tb927.1.2350","beta tubulin"
"Tb927.1.2360","alpha tubulin"
"Tb927.1.2380","alpha tubulin"
"Tb927.1.2390","beta tubulin"
"Tb927.1.2400","alpha tubulin"
"Tb927.1.2410","beta tubulin, pseudogene"
"Tb927.1.2430","histone H3, putative"
"Tb927.1.2450","histone H3, putative"
"Tb927.1.2470","histone H3, putative"
"Tb927.1.2510","histone H3, putative"
"Tb927.1.2530","histone H3, putative"
"Tb927.1.2550","histone H3, putative"
"Tb927.1.2610","hypothetical protein, unlikely"
"Tb927.1.2820","pteridine transporter, putative"
"Tb927.1.2850","pteridine transporter, putative"
"Tb927.1.2880","pteridine transporter, putative"
"Tb927.1.305","hypothetical protein"
"Tb927.1.3070","hypothetical protein, conserved"
"Tb927.1.30","hypothetical protein"
"Tb927.1.310","hypothetical protein, unlikely"
"Tb927.1.3120","separase, putative,cysteine peptidase, Clan CD, family C50, putative"
"Tb927.1.3180","40S ribosomal protein S11, putative"
"Tb927.1.320","retrotransposon hot spot protein (RHS, pseudogene), putative"
"Tb927.1.3330","hypothetical protein, unlikely"
"Tb927.1.3450","hypothetical protein, conserved"
"Tb927.1.345","hypothetical protein"
"Tb927.1.350","retrotransposon hot spot protein (RHS, pseudogene), putative"
"Tb927.1.370","leucine-rich repeat protein (LRRP), putative"
"Tb927.1.3750","hypothetical protein, conserved"
"Tb927.1.380","hypothetical protein, conserved"
"Tb927.1.3950","alanine aminotransferase (ALAT)"
"Tb927.1.4230","hypothetical protein, conserved"
"Tb927.1.430","retrotransposon hot spot protein (RHS, pseudogene), putative"
"Tb927.1.4370","hypothetical protein, conserved"
"Tb927.1.4480","hypothetical protein, conserved"
"Tb927.1.450","retrotransposon hot spot protein (RHS, pseudogene), putative"
"Tb927.1.4540","cyclin-like F-box protein (CFB1A)"
"Tb927.1.4550","unspecified product"
"Tb927.1.4560","cyclin-like F-box protein (CFB1B)"
"Tb927.1.4570","unspecified product"
"Tb927.1.4580","cyclin-like F-box protein (CFB1C)"
"Tb927.1.4590","unspecified product"
"Tb927.1.4600","cyclin-like F-box protein (CFB1D)"
"Tb927.1.4630","cyclin-like F-box protein (CFB1E)"
"Tb927.1.480","leucine-rich repeat protein (LRRP), putative"
"Tb927.1.4850","hypothetical protein, unlikely"
"Tb927.1.4910","expression site-associated gene (ESAG) protein, putative,expression site-associated gene 1 (ESAG1) protein, putative"
"Tb927.1.5060","variant surface glycoprotein (VSG)-related, putative"
"Tb927.1.5080","expression site-associated gene (ESAG) protein, putative,expression site-associated gene 9 (ESAG9) protein, putative"
"Tb927.1.5100","expression site-associated gene 2 (ESAG2) protein, putative"
"Tb927.1.5110","expression site-associated gene 11 (ESAG11) protein, putative"
"Tb927.1.5170","variant surface glycoprotein (VSG)-related, putative"
"Tb927.1.5220","expression site-associated gene 9 (ESAG9) protein, putative"
"Tb927.1.5235","expression site-associated gene (ESAG, pseudogene), putative,expression site-associated gene 1 (ESAG1), fragment"
"Tb927.1.5240","expression site-associated gene 1 (ESAG1) protein, putative"
"Tb927.1.5280","expression site-associated gene (ESAG, pseudogene), putative,expression site-associated gene 3 (ESAG3), pseudogene"
"Tb927.1.5290","hypothetical protein, unlikely"
"Tb927.1.5300","variant surface glycoprotein (VSG), putative"
"Tb927.1.5330","variant surface glycoprotein (VSG, atypical), putative"
"Tb927.1.540","DNA-directed RNA polymerase III, putative,RNA polymerase subunit, putative (RPC128)"
"Tb927.1.580","phosphate-repressible phosphate permease, putative"
"Tb927.1.710","phosphoglycerate kinase (PGKB)"
"Tb927.1.790","hypothetical transmembrane protein, conserved"
"Tb927.1.850","hypothetical protein, unlikely"
"Tb927.10.10060","hypothetical protein, unlikely"
"Tb927.10.100","expression site-associated gene (ESAG, pseudogene), putative,expression site-associated gene 2 (ESAG2), degenerate"
"Tb927.10.10130","mitochondrial RNA binding complex 1 subunit (MRB10130)"
"Tb927.10.10220","procyclin-associated gene 2 (PAG2) protein (PAG2)"
"Tb927.10.10250","EP2 procyclin (EP2)"
"Tb927.10.10260","EP1 procyclin (EP1)"
"Tb927.10.10290","hypothetical protein, conserved"
"Tb927.10.1030","serine peptidase, Clan SC, Family S10,serine carboxypeptidase III precursor, putative (CBP1)"
"Tb927.10.10370","hypothetical protein, conserved"
"Tb927.10.1040","serine peptidase, Clan SC, Family S10,serine carboxypeptidase III precursor, putative (CBP1)"
"Tb927.10.10460","histone H2B, putative"
"Tb927.10.10470","histone H2B, putative"
"Tb927.10.10480","histone H2B, putative"
"Tb927.10.10490","histone H2B, putative"
"Tb927.10.10500","histone H2B, putative"
"Tb927.10.10510","histone H2B, putative"
"Tb927.10.10515","histone H2B"
"Tb927.10.10520","histone H2B, putative"
"Tb927.10.10530","histone H2B, putative"
"Tb927.10.10540","histone H2B, putative"
"Tb927.10.10550","histone H2B, putative"
"Tb927.10.10560","histone H2B, putative"
"Tb927.10.10570","histone H2B, putative"
"Tb927.10.10580","histone H2B, putative"
"Tb927.10.10590","histone H2B, putative"
"Tb927.10.10770","Generative cell specific 1 protein, putative (GCS1)"
"Tb927.10.1080","40S ribosomal protein S23, putative (RPS23)"
"Tb927.10.10890","heat shock protein, putative"
"Tb927.10.10900","heat shock protein, putative"
"Tb927.10.1090","40S ribosomal protein S23, putative (RPS23)"
"Tb927.10.10910","heat shock protein, putative"
"Tb927.10.10920","heat shock protein, putative"
"Tb927.10.10930","heat shock protein, putative"
"Tb927.10.10940","heat shock protein, putative"
"Tb927.10.10950","heat shock protein, putative"
"Tb927.10.10960","heat shock protein, putative"
"Tb927.10.10970","heat shock protein, putative"
"Tb927.10.10980","heat shock protein 90, putative"
"Tb927.10.10","variant surface glycoprotein VSG 10.1"
"Tb927.10.110","retrotransposon hot spot protein 2 (RHS2), pseudogene"
"Tb927.10.11310","intraflagellar transport protein IFT55/IFT57, putative (IFT57/55)"
"Tb927.10.11430","hypothetical protein, conserved"
"Tb927.10.11450","TFIIF-stimulated CTD phosphatase, putative"
"Tb927.10.11600","hypothetical protein, conserved"
"Tb927.10.1190","hypothetical protein, conserved"
"Tb927.10.120","hypothetical protein"
"Tb927.10.1220","hypothetical protein"
"Tb927.10.12400","membrane transporter protein, putative"
"Tb927.10.12710","heat shock protein 110, putative"
"Tb927.10.12915","hypothetical protein"
"Tb927.10.1320","hypothetical protein, conserved"
"Tb927.10.13250","hypothetical protein, conserved"
"Tb927.10.13300","30S ribosomal protein S8, putative"
"Tb927.10.13360","Elongation factor Tu, mitochondrial (EF-Tu)"
"Tb927.10.13370","Dynein light chain Tctex-type, putative"
"Tb927.10.13580","major facilitator superfamily protein (MFS), putative"
"Tb927.10.13690","hypothetical protein, conserved"
"Tb927.10.13940","hypothetical protein, unlikely"
"Tb927.10.14070","mevalonate diphosphate decarboxylase"
"Tb927.10.14080","RNA-binding protein 27, putative (RBP27)"
"Tb927.10.14090","transporter, putative"
"Tb927.10.14330","hypothetical protein, conserved"
"Tb927.10.14390","hypothetical protein, conserved"
"Tb927.10.14620","hypothetical protein, conserved"
"Tb927.10.14630","fibrillarin, putative"
"Tb927.10.14700","hypothetical protein, conserved"
"Tb927.10.1470","hypoxanthine-guanine phosphoribosyltransferase (HGPRT)"
"Tb927.10.14710","40S ribosomal protein S2, putative (RPS2)"
"Tb927.10.14820","Mitochondrial ADP/ATP carrier protein 5c (MCP5c)"
"Tb927.10.14830","Mitochondrial ADP/ATP carrier protein 5b, putative (MCP5b)"
"Tb927.10.14840","Mitochondrial ADP/ATP carrier protein 5a, putative (MCP5a)"
"Tb927.10.14870","hypothetical protein, conserved"
"Tb927.10.15100","hypothetical protein, conserved"
"Tb927.10.15110","hypothetical protein, conserved"
"Tb927.10.15120","40S ribosomal protein S13, putative"
"Tb927.10.15170","hypothetical protein, conserved"
"Tb927.10.15260","leucine-rich repeat protein (LRRP), putative"
"Tb927.10.15310","hypothetical protein, conserved"
"Tb927.10.15330","hypothetical protein, conserved"
"Tb927.10.15410","glycosomal malate dehydrogenase (gMDH)"
"Tb927.10.15620","hypothetical protein"
"Tb927.10.15700","hypothetical protein, conserved"
"Tb927.10.15770","hypothetical protein, conserved"
"Tb927.10.15900","hypothetical protein, conserved"
"Tb927.10.16190","expression site-associated gene 4 (ESAG4) protein, putative,receptor-type adenylate cyclase, putative"
"Tb927.10.16200","hypothetical protein, conserved"
"Tb927.10.16210","hypothetical protein, conserved"
"Tb927.10.16220","Variant Surface Glycoprotein, putative"
"Tb927.10.16230","Variant Surface Glycoprotein, putative"
"Tb927.10.16240","Variant Surface Glycoprotein, putative"
"Tb927.10.16260","variant surface glycoprotein (VSG, pseudogene), putative"
"Tb927.10.16270","variant surface glycoprotein, fragment"
"Tb927.10.16300","variant surface glycoprotein, fragment"
"Tb927.10.16310","variant surface glycoprotein (VSG, pseudogene), putative"
"Tb927.10.16330","variant surface glycoprotein (VSG, pseudogene), putative"
"Tb927.10.16340","UDP-Gal or UDP-GlcNAc-dependent glycosyltransferase (pseudogene), putative"
"Tb927.10.16350","variant surface glycoprotein (VSG, pseudogene), putative"
"Tb927.10.16360","variant surface glycoprotein (VSG, pseudogene), putative"
"Tb927.10.16380","variant surface glycoprotein (VSG, pseudogene), putative"
"Tb927.10.16390","variant surface glycoprotein (VSG, pseudogene), putative"
"Tb927.10.16400","variant surface glycoprotein"
"Tb927.10.16410","variant surface glycoprotein (VSG, pseudogene), putative"
"Tb927.10.16420","variant surface glycoprotein, fragment"
"Tb927.10.16430","variant surface glycoprotein (VSG, pseudogene), putative"
"Tb927.10.16440","variant surface glycoprotein, fragment"
"Tb927.10.16450","variant surface glycoprotein (VSG, pseudogene), putative"
"Tb927.10.16460","variant surface glycoprotein (VSG, pseudogene), putative"
"Tb927.10.16470","variant surface glycoprotein (VSG, pseudogene), putative"
"Tb927.10.16480","variant surface glycoprotein (VSG, pseudogene), putative"
"Tb927.10.16500","variant surface glycoprotein (VSG), putative"
"Tb927.10.16510","variant surface glycoprotein (VSG, pseudogene), putative"
"Tb927.10.16520","variant surface glycoprotein (VSG, pseudogene), putative"
"Tb927.10.16530","variant surface glycoprotein (VSG, pseudogene), putative"
"Tb927.10.16550","variant surface glycoprotein (VSG, pseudogene), putative"
"Tb927.10.16560","variant surface glycoprotein (VSG), putative"
"Tb927.10.1910","serine/threonine protein kinase, putative"
"Tb927.10.1970","hypothetical protein, conserved"
"Tb927.10.2010","hexokinase (HK1)"
"Tb927.10.2040","protein kinase, putative"
"Tb927.10.20","expression site-associated gene (ESAG) protein, putative,expression site-associated gene 1 (ESAG1) protein, putative"
"Tb927.10.2100","elongation factor 1-alpha,EF-1-alpha (TEF1)"
"Tb927.10.2110","elongation factor 1-alpha (TEF1)"
"Tb927.10.2300","hypothetical protein, conserved"
"Tb927.10.2460","hypothetical protein, conserved"
"Tb927.10.2500","hypothetical protein, conserved"
"Tb927.10.2700","predicted WD40 repeat protein"
"Tb927.10.2950","hypothetical protein, conserved"
"Tb927.10.2980","proteasome regulatory non-ATPase subunit 11,Metallo-peptidase, Clan MP, Family M67,19S proteasome regulatory subunit 11 (RPN11)"
"Tb927.10.3030","proteasome regulatory non-ATPase subunit 11,Metallo-peptidase, Clan MP, Family M67,19S proteasome regulatory subunit 11 (RPN11)"
"Tb927.10.30","variant surface glycoprotein (VSG, pseudogene), putative"
"Tb927.10.3130","hypothetical protein, conserved"
"Tb927.10.3400","hypothetical protein, conserved"
"Tb927.10.3420","NADH-ubiquinone oxidoreductase c, putative"
"Tb927.10.3500","RNA-binding protein, putative (RBSR4)"
"Tb927.10.3510","hypothetical protein, conserved"
"Tb927.10.3570","RNA editing exonuclease 2,RNA editing 3' exouridylylase,RNA-editing complex protein (KREX2)"
"Tb927.10.3660","aspartate aminotransferase"
"Tb927.10.3890","phosphatidylinositol-4-phosphate 5-kinase, putative (PIP5KII-alpha)"
"Tb927.10.3920","hypothetical protein, conserved"
"Tb927.10.3930","40S ribosomal protein S3A, putative"
"Tb927.10.3980","unspecified product"
"Tb927.10.400","hypothetical protein, conserved"
"Tb927.10.40","hypothetical protein"
"Tb927.10.4560","elongation factor 2"
"Tb927.10.4570","elongation factor 2"
"Tb927.10.4950","U2 small nuclear ribonucleoprotein 16.5K"
"Tb927.10.50","hypothetical protein, unlikely"
"Tb927.10.5100","hypothetical protein"
"Tb927.10.5260","hypothetical protein, conserved"
"Tb927.10.5340","40S ribosomal protein S18, putative (RPS18)"
"Tb927.10.5500","hypothetical protein, conserved"
"Tb927.10.550","hypothetical protein, conserved"
"Tb927.10.5600","hypothetical protein, conserved"
"Tb927.10.560","40S ribosomal proteins S11, putative"
"Tb927.10.5700","hypothetical protein, conserved"
"Tb927.10.5930","protein kinase, putative"
"Tb927.10.5940","protein kinase, putative,(OTHER) NEK family, HsNEK1-like"
"Tb927.10.6000","hypothetical protein, conserved"
"Tb927.10.60","expression site-associated gene (ESAG), putative"
"Tb927.10.6110","hypothetical protein, conserved"
"Tb927.10.6260","ATP-dependent DEAD/H RNA helicase, putative"
"Tb927.10.6560","hypothetical protein, conserved"
"Tb927.10.6600","hypothetical protein, conserved"
"Tb927.10.6700","hypothetical protein, conserved"
"Tb927.10.6720","hypothetical protein, conserved"
"Tb927.10.6740","hypothetical protein, conserved"
"Tb927.10.6750","hypothetical protein, conserved"
"Tb927.10.6760","hypothetical protein, conserved"
"Tb927.10.6910","Sterol methyltransferase, putative"
"Tb927.10.6940","Dipeptidyl-peptidase 8-like, putative"
"Tb927.10.6950","sterol 24-c-methyltransferase, putative"
"Tb927.10.6970","dipeptidyl-peptidase 8-like serine peptidase,serine peptidase, Clan SC, Family S9B"
"Tb927.10.7000","hypothetical protein, conserved"
"Tb927.10.7020","acid phosphatase, putative"
"Tb927.10.7160","procyclin-associated gene 1 (PAG1) protein, putative"
"Tb927.10.7200","hypothetical protein, conserved"
"Tb927.10.7270","hypothetical protein, conserved"
"Tb927.10.7290","hypothetical protein, conserved"
"Tb927.10.7310","terminal uridylyltransferase 3, putative (TUT3)"
"Tb927.10.7850","protein-L-isoaspartate, putative"
"Tb927.10.8000","hypothetical protein, conserved"
"Tb927.10.8270","eukaryotic translation initiation factor 3 subunit 8, putative"
"Tb927.10.8271","hypothetical protein"
"Tb927.10.8280","U1A small nuclear ribonucleoprotein (RBP14B)"
"Tb927.10.8290","eukaryotic translation initiation factor 3 subunit 8, putative"
"Tb927.10.8291","hypothetical protein"
"Tb927.10.8300","U1A small nuclear ribonucleoprotein (RBP14A)"
"Tb927.10.840","hypothetical protein, conserved"
"Tb927.10.8440","glucose transporter 1B (THT1-)"
"Tb927.10.8450","glucose transporter,glucose transporter 1E (THT1E)"
"Tb927.10.8470","glucose transporter, putative"
"Tb927.10.8480","glucose transporter, putative"
"Tb927.10.8490","glucose transporter, putative"
"Tb927.10.8510","glucose transporter, putative"
"Tb927.10.8520","glucose transporter, putative"
"Tb927.10.8530","glucose transporter,glucose transporter 2A (THT2A)"
"Tb927.10.8900","choline/ethanolamine phosphotransferase (CEPT)"
"Tb927.10.8950","kinetoplast DNA-associated protein, putative"
"Tb927.10.8970","kinetoplast DNA-associated protein, putative"
"Tb927.10.9220","hypothetical protein, conserved"
"Tb927.10.9420","ATP-dependent chaperone, putative,mitochondrial chaperone BCS1, putative"
"Tb927.10.9470","expression site-associated gene (ESAG) protein, putative,expression site-associated gene 3 (ESAG3) protein, putative"
"Tb927.10.9480","expression site-associated gene (ESAG) protein, putative,expression site-associated gene 3 (ESAG3) protein, putative"
"Tb927.10.9490","expression site-associated gene 3 (ESAG3)-like protein"
"Tb927.10.960","U4/U6-specific protein PRP4"
"Tb927.10.9675","hypothetical protein"
"Tb927.10.9690","predicted C2 domain protein"
"Tb927.10.9780","ATP-dependent DEAD/H RNA helicase, putative,ATP- dependent RNA helicase, putative"
"Tb927.10.980","hypothetical protein, conserved"
"Tb927.10.9880","60S ribosomal protein L18, putative (TbL18LP)"
"Tb927.10.9890","hypothetical protein, conserved"
"Tb927.10.9920","hypothetical protein, conserved"
"Tb927.11.100","variant surface glycoprotein (VSG), putative"
"Tb927.11.101","hypothetical protein, Tb specific"
"Tb927.11.1050","RNA processing factor 1, putative,ribosome biogenesis protein"
"Tb927.11.10790","40S ribosomal protein SA, putative"
"Tb927.11.10910","40S ribosomal protein SA, putative"
"Tb927.11.10920","hypothetical protein, conserved"
"Tb927.11.1100","calpain, putative,cysteine peptidase, Clan CA, family C2, putative"
"Tb927.11.11080","Nucleoporin (TbNup149)"
"Tb927.11.110","expression site-associated gene (ESAG, pseudogene), putative,expression site-associated gene 9 (ESAG9), fragment"
"Tb927.11.11160","phosphate transporter, putative"
"Tb927.11.11370","receptor for activated C kinase 1 (RACK1)"
"Tb927.11.11410","trans-sialidase, putative"
"Tb927.11.11725","ribosomal protein S29"
"Tb927.11.11740","membrane-bound acid phosphatase, putative"
"Tb927.11.11750","membrane-bound acid phosphatase, putative"
"Tb927.11.11820","40S ribosomal protein S17, putative"
"Tb927.11.11930.2","hypothetical protein, conserved"
"Tb927.11.11965","microtubule-associated protein CAP15"
"Tb927.11.11975","microtubule-associated protein CAP15"
"Tb927.11.11980","microtubule-associated protein,corset-associated protein 15 (CAP15)"
"Tb927.11.120","variant surface glycoprotein (VSG, pseudogene)-related, putative,variant surface glycoprotein-like (VSG-like), pseudogene"
"Tb927.11.12180","kinesin, putative"
"Tb927.11.12510","hypothetical protein, conserved"
"Tb927.11.12780","ribonucleoside-diphosphate reductase small chain, putative"
"Tb927.11.12790","ribonucleoside-diphosphate reductase small chain (RNR2)"
"Tb927.11.12800","ribonucleoside-diphosphate reductase small chain (RNR2)"
"Tb927.11.12810","ribonucleoside-diphosphate reductase small chain (RNR2)"
"Tb927.11.12820","ribonucleoside-diphosphate reductase small chain (RNR2)"
"Tb927.11.12850","oligopeptidase b,serine peptidase, clan SC, family S9A-like protein (OPB)"
"Tb927.11.13005","Ubiquitin-60S ribosomal protein L40"
"Tb927.11.13020","calmodulin"
"Tb927.11.13030","calmodulin"
"Tb927.11.13040","calmodulin"
"Tb927.11.13050","calmodulin"
"Tb927.11.13090","elongation factor 1 gamma, putative"
"Tb927.11.130","expression site-associated gene (ESAG, pseudogene), putative,expression site-associated gene 9 (ESAG9), fragment"
"Tb927.11.13110","hypothetical protein, conserved"
"Tb927.11.13127","cytochrome c oxidase subunit 10"
"Tb927.11.13140","cytochrome oxidase subunit X (COXX)"
"Tb927.11.13180","hypothetical protein conserved"
"Tb927.11.13190","elongation factor 1 gamma, putative"
"Tb927.11.13770","hypothetical protein, conserved"
"Tb927.11.14000","NRBD1,p34 (NRBD1)"
"Tb927.11.1400","hypothetical protein, conserved"
"Tb927.11.14410","hypothetical protein, conserved"
"Tb927.11.14570","hypothetical protein, conserved"
"Tb927.11.14610","procyclin-associated gene 4 (PAG4) protein, putative"
"Tb927.11.1480","receptor-type adenylate cyclase GRESAG 4, putative"
"Tb927.11.1490","receptor-type adenylate cyclase GRESAG 4, putative (fragment)"
"Tb927.11.1495","ubiquitin carboxyl-terminal hydrolase (cysteine peptidase, Clan CA, family C19), putative"
"Tb927.11.1500","leucine-rich repeat protein (LRRP), putative, (fragment)"
"Tb927.11.150","receptor-type adenylate cyclase GRESAG 4, putative"
"Tb927.11.15110","hypothetical protein, conserved"
"Tb927.11.15330","phosphatidylinositol 3-kinase catalytic subunit, putative"
"Tb927.11.15370","hypothetical protein, conserved (TbKap123)"
"Tb927.11.15420","hypothetical protein, conserved"
"Tb927.11.15880","60S ribosomal protein L27, putative"
"Tb927.11.15900","60S ribosomal protein L27, putative"
"Tb927.11.16530","hypothetical protein, conserved"
"Tb927.11.16560","CMP-sialic acid transporter, putative"
"Tb927.11.16590","RNA-binding protein, putative (RBP37)"
"Tb927.11.16680","hypothetical protein, conserved"
"Tb927.11.16880","leucine-rich repeat protein (LRRP), putative"
"Tb927.11.16890","hypothetical protein, conserved"
"Tb927.11.16900","hypothetical protein"
"Tb927.11.17060","variant surface glycoprotein (VSG), putative"
"Tb927.11.17070","variant surface glycoprotein (VSG), putative"
"Tb927.11.17080","variant surface glycoprotein (VSG), putative"
"Tb927.11.17090","variant surface glycoprotein (VSG), putative"
"Tb927.11.17100","variant surface glycoprotein (VSG, pseudogene), fragment"
"Tb927.11.17110","variant surface glycoprotein (VSG), putative"
"Tb927.11.17120","variant surface glycoprotein (VSG), putative"
"Tb927.11.17130","variant surface glycoprotein (VSG),degenerate and franmeshifted"
"Tb927.11.17140","variant surface glycoprotein (VSG), degenerate and frameshifted"
"Tb927.11.17160","variant surface glycoprotein (VSG), degenerate and frameshifted"
"Tb927.11.17180","expression site-associated gene 3 (ESAG3), degenerate and frameshifted"
"Tb927.11.17190","variant surface glycoprotein (VSG), putative"
"Tb927.11.17200","expression site-associated gene 3 (ESAG3), degenerate and frameshifted"
"Tb927.11.17220","variant surface glycoprotein (VSG), degenerate and frameshifted"
"Tb927.11.17230","variant surface glycoprotein (VSG), point mutation"
"Tb927.11.17240","variant surface glycoprotein (VSG), fragment, degenerate"
"Tb927.11.17250","variant surface glycoprotein (VSG), degenerate"
"Tb927.11.17260","variant surface glycoprotein (VSG), fragment, degenerate"
"Tb927.11.17270","variant surface glycoprotein (VSG), frameshifted and point mutation"
"Tb927.11.17280","variant surface glycoprotein (VSG), point mutation"
"Tb927.11.17290","variant surface glycoprotein (VSG), point mutation"
"Tb927.11.17300","variant surface glycoprotein (VSG), frameshifted and point mutated pseudogene"
"Tb927.11.17310","hypothetical protein, conserved, point mutation"
"Tb927.11.17320","variant surface glycoprotein (VSG), putative"
"Tb927.11.17340","expression site-associated gene 3 (ESAG3), frameshifted and degenerate"
"Tb927.11.17350","variant surface glycoprotein (VSG), frameshifted and degenerate"
"Tb927.11.17360","variant surface glycoprotein (VSG), degenerate"
"Tb927.11.17370","variant surface glycoprotein (VSG), putative"
"Tb927.11.17390","expression site-associated gene 3 (ESAG3), frameshifted and degenerate"
"Tb927.11.17400","variant surface glycoprotein (VSG), fragment"
"Tb927.11.17410","variant surface glycoprotein (VSG), frameshifted"
"Tb927.11.17420","expression site-associated gene 3 (ESAG3), degenerate and frameshifted fragment"
"Tb927.11.17430","variant surface glycoprotein (VSG), fragment"
"Tb927.11.17440","variant surface glycoprotein (VSG), degenerate"
"Tb927.11.17450","variant surface glycoprotein (VSG), frameshifted and degenerate"
"Tb927.11.17480","variant surface glycoprotein (VSG), degenerate"
"Tb927.11.17500","variant surface glycoprotein (VSG), putative"
"Tb927.11.17510","variant surface glycoprotein (VSG, pseudogene), putative"
"Tb927.11.17520","variant surface glycoprotein (VSG, pseudogene), putative"
"Tb927.11.17530","variant surface glycoprotein (VSG, pseudogene), putative"
"Tb927.11.17540","variant surface glycoprotein (VSG, pseudogene), putative"
"Tb927.11.17550","variant surface glycoprotein (VSG), frameshifted"
"Tb927.11.17560","variant surface glycoprotein (VSG), frameshifted and point mutation"
"Tb927.11.17570","variant surface glycoprotein (VSG), frameshifted and degenerate"
"Tb927.11.17580","variant surface glycoprotein (VSG, atypical), putative"
"Tb927.11.17630","variant surface glycoprotein (VSG), frameshifted and degenerate"
"Tb927.11.17640","expression site-associated gene 3 (ESAG3), frameshifted and degenerate"
"Tb927.11.17670","variant surface glycoprotein (VSG), degenerate"
"Tb927.11.17680","variant surface glycoprotein (VSG), point mutation"
"Tb927.11.17690","expression site-associated gene 3 (ESAG3), degenerate and frameshifted fragment"
"Tb927.11.17710","expression site-associated gene 3 (ESAG3), degenerate"
"Tb927.11.17730","variant surface glycoprotein (VSG), frameshifted and degenerate"
"Tb927.11.17740","variant surface glycoprotein (VSG), degenerate fragment"
"Tb927.11.17760","variant surface glycoprotein (VSG, atypical), putative"
"Tb927.11.17780","variant surface glycoprotein (VSG), degenerate"
"Tb927.11.17790","variant surface glycoprotein (VSG), degenerate and frameshifted"
"Tb927.11.17800","variant surface glycoprotein (VSG), degenerate"
"Tb927.11.17810","variant surface glycoprotein (VSG), frameshifted and degenerate"
"Tb927.11.17820","expression site-associated gene 3 (ESAG3), degenerate"
"Tb927.11.17850","expression site-associated gene 9 (ESAG9), fragment"
"Tb927.11.1790","histone H1, putative"
"Tb927.11.17930","variant surface glycoprotein (VSG), degenerate and frameshifted"
"Tb927.11.17960","variant surface glycoprotein (VSG), degenerate"
"Tb927.11.17970","expression site-associated gene 3 (ESAG3), fragment"
"Tb927.11.17980","variant surface glycoprotein (VSG), degenerate"
"Tb927.11.17990","hypothetical protein, conserved, point mutation"
"Tb927.11.18000","variant surface glycoprotein (VSG), frameshifted and point mutation"
"Tb927.11.18010","expression site-associated gene 3 (ESAG3), degenerate"
"Tb927.11.18030","variant surface glycoprotein (VSG), fragment"
"Tb927.11.18040","expression site-associated gene 3 (ESAG3), frameshifted and degenerate"
"Tb927.11.18050","variant surface glycoprotein (VSG), frameshifted"
"Tb927.11.18060","variant surface glycoprotein (VSG), frameshifted"
"Tb927.11.18070","variant surface glycoprotein (VSG, pseudogene), putative"
"Tb927.11.18080","variant surface glycoprotein (VSG), frameshifted and point mutation"
"Tb927.11.18090","variant surface glycoprotein (VSG), frameshifted"
"Tb927.11.18100","expression site-associated gene 3 (ESAG3), degenerate"
"Tb927.11.18110","variant surface glycoprotein (VSG, pseudogene), putative"
"Tb927.11.18130","hypothetical protein, conserved, frameshifted and point mutation"
"Tb927.11.18140","variant surface glycoprotein (VSG), frameshifted and point mutation"
"Tb927.11.18150","variant surface glycoprotein (VSG), frameshifted and degenerate"
"Tb927.11.18160","expression site-associated gene 3 (ESAG3), degenerate"
"Tb927.11.18180","expression site-associated gene 3 (ESAG3), degenerate"
"Tb927.11.18190","variant surface glycoprotein (VSG), frameshifted"
"Tb927.11.18200","hypothetical protein, unlikely"
"Tb927.11.18210","variant surface glycoprotein (VSG), frameshifted"
"Tb927.11.18230","variant surface glycoprotein (VSG), putative"
"Tb927.11.18240","variant surface glycoprotein (VSG), pseudogene"
"Tb927.11.18250","variant surface glycoprotein (VSG), putative"
"Tb927.11.18260","variant surface glycoprotein (VSG), putative"
"Tb927.11.18270","variant surface glycoprotein (VSG), putative"
"Tb927.11.18290","variant surface glycoprotein (VSG), putative"
"Tb927.11.18300","variant surface glycoprotein (VSG), putative"
"Tb927.11.18310","variant surface glycoprotein (VSG), putative"
"Tb927.11.18350","variant surface glycoprotein (VSG), putative"
"Tb927.11.18370","variant surface glycoprotein (VSG), putative"
"Tb927.11.18380","Variant Surface Glycoprotein, putative"
"Tb927.11.18390","Variant Surface Glycoprotein, putative"
"Tb927.11.18410","variant surface glycoprotein (VSG), pseudogene"
"Tb927.11.18420","variant surface glycoprotein (VSG), pseudogene"
"Tb927.11.18440","variant surface glycoprotein (VSG), pseudogene"
"Tb927.11.18450","variant surface glycoprotein (VSG), pseudogene"
"Tb927.11.18460","variant surface glycoprotein (VSG, pseudogene), putative"
"Tb927.11.18470","Variant Surface Glycoprotein, putative"
"Tb927.11.18480","Variant Surface Glycoprotein, putative"
"Tb927.11.18490","Variant Surface Glycoprotein, putative"
"Tb927.11.18510","variant surface glycoprotein (VSG, atypical), putative"
"Tb927.11.18520","variant surface glycoprotein (VSG, atypical), putative"
"Tb927.11.18530","variant surface glycoprotein (VSG, atypical), putative"
"Tb927.11.18540","variant surface glycoprotein (VSG), putative"
"Tb927.11.18550","variant surface glycoprotein (VSG), putative"
"Tb927.11.18560","variant surface glycoprotein (VSG), putative"
"Tb927.11.18580","variant surface glycoprotein (VSG), putative"
"Tb927.11.18590","variant surface glycoprotein (VSG), putative"
"Tb927.11.18610","retrotransposon hot spot protein (RHS, pseudogene), putative"
"Tb927.11.18620","variant surface glycoprotein (VSG), putative"
"Tb927.11.18630","ingi-related retroposon, putative (pseudogene)"
"Tb927.11.18640","variant surface glycoprotein (VSG), putative"
"Tb927.11.1870","histone H1, putative"
"Tb927.11.1930","ubiquitin carboxyl-terminal hydrolase, putative,cysteine peptidase, Clan CA, family C19, putative"
"Tb927.11.3040","hypothetical protein"
"Tb927.11.3070","Ribosome assembly protein rrb1, putative"
"Tb927.11.3230","60S ribosomal protein L44"
"Tb927.11.3260","mitochondrial DNA polymerase I protein D, putative (POLID)"
"Tb927.11.3390","hypothetical protein, conserved"
"Tb927.11.360","ATP-binding protein, putative"
"Tb927.11.3610","nucleobase/nucleoside transporter 8.1 (NT8.1)"
"Tb927.11.3630","nucleobase/nucleoside transporter 8.1"
"Tb927.11.3740","proteasome regulatory ATPase subunit 2 (RPT2)"
"Tb927.11.3750","NADH-cytochrome b5 reductase, putative (B5R)"
"Tb927.11.3900","glycosyltransferase family-like protein, putative"
"Tb927.11.3910","hypothetical protein, conserved"
"Tb927.11.3990","hypothetical protein, conserved"
"Tb927.11.4080","variant surface glycoprotein (VSG)-related, putative"
"Tb927.11.4090","hypothetical protein"
"Tb927.11.4100","variant surface glycoprotein (VSG), putative"
"Tb927.11.4640","calpain-like protein, putative"
"Tb927.11.480","hypothetical protein, conserved"
"Tb927.11.510","RNA-binding protein, UBP2 (UBP2)"
"Tb927.11.5480","phosphotransferase, putative"
"Tb927.11.5700","hypothetical protein, conserved"
"Tb927.11.5750","hypothetical protein, conserved"
"Tb927.11.5770","hypothetical protein, conserved"
"Tb927.11.5950","hypothetical protein, conserved"
"Tb927.11.6120","ABC transporter, putative"
"Tb927.11.6140","40S ribosomal protein S15A, putative"
"Tb927.11.6170","protein transport protein Sec31, putative,cytosolic coat protein, putative"
"Tb927.11.6200","60S ribosomal protein L28, putative"
"Tb927.11.6210","sterol 14-alpha-demethylase,cytochrome P450 51A1,lanosterol 14-alpha-demethylase (CYP51)"
"Tb927.11.6230","pretranslocation protein, alpha subunit, putative,SEC61-like (pretranslocation process) protein, putative"
"Tb927.11.6320","MRB1-associated protein,zinc finger ccch and cchc domain-containing protein"
"Tb927.11.6810","tubulin-tyrsoine ligase-like protein, putative (TTL)"
"Tb927.11.7060","acidocalcisomal pyrophosphatase"
"Tb927.11.7080","acidocalcisomal pyrophosphatase"
"Tb927.11.7120","hypothetical protein, conserved"
"Tb927.11.7211","SNF2 DNA repair protein, putative"
"Tb927.11.7410","MSP-A, putative"
"Tb927.11.7460","glucose-regulated protein 78, putative,luminal binding protein 1 (BiP), putative"
"Tb927.11.7500","hypothetical protein, conserved"
"Tb927.11.7510","glucose-regulated protein 78, putative,luminal binding protein 1 (BiP), putative"
"Tb927.11.7610","gp63-1 surface protease homologue, pseudogene"
"Tb927.11.7620","MSP-A, putative"
"Tb927.11.7630","Gp63-1 surface protease homolog, putative"
"Tb927.11.7640","Gp63-1 surface protease homolog, putative"
"Tb927.11.7650","hypothetical protein"
"Tb927.11.7675","ribosomal protein S20"
"Tb927.11.7710","Gp63-1 surface protease homolog, putative"
"Tb927.11.7750","MSP-A, putative"
"Tb927.11.7760","MSP-A, putative"
"Tb927.11.8480","DNA polymerase kappa, putative,DNA polymerase IV, putative"
"Tb927.11.8490","DNA polymerase kappa, putative"
"Tb927.11.8500","DNA polymerase kappa, putative"
"Tb927.11.850","protein kinase, putative"
"Tb927.11.8510","DNA polymerase kappa, putative"
"Tb927.11.8530","DNA polymerase kappa, putative"
"Tb927.11.8570","unspecified product"
"Tb927.11.8620","unspecified product"
"Tb927.11.8950","leucine rich repeat (TbLRRP1)"
"Tb927.11.9000","cation transporter, putative"
"Tb927.11.9010","cation transporter, putative"
"Tb927.11.9020","cation transporter, putative"
"Tb927.11.9030","cation transporter, putative"
"Tb927.11.9270","differentiation inhibitory kinase (ZFK)"
"Tb927.11.9870","hypothetical protein, conserved"
"Tb927.2.1210","retrotransposon hot spot protein 4 (RHS4), putative"
"Tb927.2.1344","retrotransposon hot spot protein (RHS, pseudogene), putative,retrotransposon hot spot protein 1 (RHS1), interrupted"
"Tb927.2.1350","retrotransposon hot spot protein (RHS, pseudogene), putative,retrotransposon hot spot protein 1 (RHS1), interrupted"
"Tb927.2.1680","cyclophilin-type peptidyl-prolyl cis-trans isomerase, putative"
"Tb927.2.1760","hypothetical protein, conserved"
"Tb927.2.1810","transcription silencer (ISWI)"
"Tb927.2.2510","voltage-dependent anion-selective channel (VDAC)"
"Tb927.2.280","retrotransposon hot spot protein 2 (RHS2), putative"
"Tb927.2.2950","hypothetical protein, conserved"
"Tb927.2.300","DNA-directed RNA polymerase, pseudogene, putative,DNA-directed RNA polymerase, degenerate"
"Tb927.2.3030","ATP-dependent Clp protease subunit, heat shock protein 78 (HSP78), putative"
"Tb927.2.3090","hypothetical protein, conserved"
"Tb927.2.3265","hypothetical protein, Tb specific"
"Tb927.2.3275","hypothetical protein, Tb specific"
"Tb927.2.3280","65 kDa invariant surface glycoprotein"
"Tb927.2.3285","hypothetical protein, Tb specific"
"Tb927.2.3290","65 kDa invariant surface glycoprotein"
"Tb927.2.3295","hypothetical protein, Tb specific"
"Tb927.2.3300","65 kDa invariant surface glycoprotein"
"Tb927.2.3305","hypothetical protein, Tb specific"
"Tb927.2.3310","65 kDa invariant surface glycoprotein"
"Tb927.2.3315","hypothetical protein, Tb specific"
"Tb927.2.370","retrotransposon hot spot protein 1 (RHS1), putative"
"Tb927.2.400","retrotransposon hot spot protein 2 (RHS2), putative"
"Tb927.2.4140","hypothetical protein, conserved"
"Tb927.2.420","DNA-directed RNA polymerase, pseudogene, putative,DNA-directed RNA polymerase, degenerate"
"Tb927.2.4610","branched-chain amino acid aminotransferase, putative"
"Tb927.2.470","retrotransposon hot spot protein 4 (RHS4), putative"
"Tb927.2.4740","ribosomal protein L11, putative"
"Tb927.2.4750","hypothetical protein, conserved"
"Tb927.2.4890","ribosomal protein L11, putative"
"Tb927.2.4900","hypothetical protein, conserved"
"Tb927.2.5290","hypothetical protein, conserved"
"Tb927.2.5300","hypothetical protein, conserved"
"Tb927.2.5320","hypothetical protein, conserved"
"Tb927.2.5330","hypothetical protein, conserved"
"Tb927.2.5340","hypothetical protein, conserved"
"Tb927.2.5500","hypothetical protein, conserved"
"Tb927.2.5530","hypothetical protein, conserved"
"Tb927.2.5540","hypothetical protein, conserved"
"Tb927.2.5600","hypothetical protein, conserved"
"Tb927.2.560","retrotransposon hot spot protein 4 (RHS4), putative"
"Tb927.2.5610","hypothetical protein, conserved"
"Tb927.2.5630","hypothetical protein, conserved"
"Tb927.2.5870","hypothetical protein, conserved"
"Tb927.2.5910","40S ribosomal protein S13, putative"
"Tb927.2.6150","adenosine transporter 2 (TbNT2/927)"
"Tb927.2.6180","iron/ascorbate oxidoreductase family protein, putative"
"Tb927.2.6200","adenosine transporter 2, putative (TbNT3)"
"Tb927.2.6210","iron/ascorbate oxidoreductase family protein, putative"
"Tb927.2.6230","iron/ascorbate oxidoreductase family protein, putative"
"Tb927.2.6270","iron/ascorbate oxidoreductase family protein, putative"
"Tb927.2.6280","adenosine transporter 2, putative (TbNT7)"
"Tb927.2.6310","iron/ascorbate oxidoreductase family protein, putative"
"Tb927.2.6350","variant surface glycoprotein (VSG, pseudogene), putative,variant surface glycoprotein, point mutation"
"Tb927.2.6372","variant surface glycoprotein (VSG, pseudogene), putative,variant surface glycoprotein (VSG), frameshifted and degenerate pseudogene"
"Tb927.2.6380","variant surface glycoprotein (VSG, pseudogene), putative,variant surface glycoprotein, frameshift"
"Tb927.2.6390","variant surface glycoprotein (VSG, pseudogene), putative,variant surface glycoprotein, degenerate"
"Tb927.2.6400","expression site-associated gene (ESAG, pseudogene), putative,expression site-associated gene 3 (ESAG3), degenerate"
"Tb927.2.6404","UDP-Gal or UDP-GlcNAc-dependent glycosyltransferase (pseudogene), putative,UDP-Gal or UDP- GlcNAc-dependent glycosyltransferase, degenerate"
"Tb927.2.6410","variant surface glycoprotein (VSG, atypical), putative"
"Tb927.2.6430","variant surface glycoprotein (VSG, pseudogene), putative,variant surface glycoprotein, frameshift"
"Tb927.2.6435","variant surface glycoprotein (VSG, pseudogene), putative,variant surface glycoprotein, degenerate"
"Tb927.3.1010","hypothetical protein, conserved"
"Tb927.3.1050","transposase of Tn10"
"Tb927.3.1060","cAMP response protein, putative (CARP4)"
"Tb927.3.1100","hypothetical protein, conserved"
"Tb927.3.110","expression site-associated gene (ESAG, pseudogene), putative,expression site-associated gene 3 (ESAG3), degenerate"
"Tb927.3.1140","hypothetical protein, conserved"
"Tb927.3.120","variant surface glycoprotein (VSG), putative"
"Tb927.3.1230","Ribonuclease 3, putative"
"Tb927.3.1350","hypothetical protein, conserved"
"Tb927.3.140","variant surface glycoprotein (VSG, pseudogene), putative,variant surface glycoprotein, degenerate"
"Tb927.3.1450","hypothetical protein, conserved"
"Tb927.3.1460","hypothetical protein"
"Tb927.3.1470","variant surface glycoprotein (VSG)-related, putative"
"Tb927.3.1490","leucine-rich repeat protein (LRRP), putative"
"Tb927.3.150","variant surface glycoprotein (VSG), putative"
"Tb927.3.1520","variant surface glycoprotein (VSG)-related, putative"
"Tb927.3.160","expression site-associated gene (ESAG, pseudogene), putative,expression site-associated gene 3 (ESAG3), degenerate"
"Tb927.3.170","variant surface glycoprotein (VSG, pseudogene), putative,variant surface glycoprotein, degenerate"
"Tb927.3.180","variant surface glycoprotein (VSG, atypical), putative"
"Tb927.3.190","variant surface glycoprotein (VSG), putative"
"Tb927.3.200","variant surface glycoprotein (VSG, pseudogene), putative,variant surface glycoprotein, truncated, degenerate"
"Tb927.3.2010","hypothetical protein, conserved"
"Tb927.3.210","variant surface glycoprotein (VSG, atypical), putative"
"Tb927.3.230","variant surface glycoprotein (VSG, pseudogene), putative,variant surface glycoprotein, degenerate"
"Tb927.3.2400","palmitoyl acyltransferase 10, putative"
"Tb927.3.2420","hypothetical protein, conserved"
"Tb927.3.2440","serine/threonine-protein kinase, putative,protein kinase, putative"
"Tb927.3.2520","expression site-associated gene 1 (ESAG1) protein, putative"
"Tb927.3.2540","variant surface glycoprotein (VSG)-related, putative"
"Tb927.3.2550","hypothetical protein, conserved"
"Tb927.3.2560","hypothetical protein, conserved"
"Tb927.3.2570","hypothetical protein, conserved"
"Tb927.3.260","variant surface glycoprotein (VSG, pseudogene), putative,variant surface glycoprotein, fragment"
"Tb927.3.2610","GPI inositol deacylase 2 (GPIdeAc2)"
"Tb927.3.2620","hypothetical protein, conserved"
"Tb927.3.270","variant surface glycoprotein (VSG, pseudogene), putative,variant surface glycoprotein, frameshift"
"Tb927.3.2730","hypothetical protein, conserved"
"Tb927.3.2750","hypothetical protein, conserved"
"Tb927.3.280","variant surface glycoprotein (VSG, pseudogene), putative,variant surface glycoprotein, degenerate"
"Tb927.3.330","variant surface glycoprotein (VSG, pseudogene), putative,variant surface glycoprotein, degenerate"
"Tb927.3.3320","60S ribosomal protein L13, putative"
"Tb927.3.3340","3', 5'-cyclic nucleotide phosphodiesterase, putative (PDED)"
"Tb927.3.3390","kinesin, putative"
"Tb927.3.3400","kinesin, putative"
"Tb927.3.3420","hypothetical protein (pseudogene),hypothetical protein, point mutation"
"Tb927.3.350","variant surface glycoprotein (VSG, pseudogene), putative,variant surface glycoprotein, degenerate"
"Tb927.3.360","variant surface glycoprotein (VSG, pseudogene), putative,variant surface glycoprotein, degenerate"
"Tb927.3.3770","paraflagellar rod component, putative (PFC6)"
"Tb927.3.3790","hypothetical protein, conserved"
"Tb927.3.390","variant surface glycoprotein (VSG, pseudogene), putative,variant surface glycoprotein, degenerate"
"Tb927.3.3990","KREPB6,RNA-editing complex protein (KREPB6)"
"Tb927.3.4090","hypothetical protein, conserved"
"Tb927.3.4190","endosomal integral membrane protein, putative"
"Tb927.3.4280","mismatch repair protein MSH5, putative"
"Tb927.3.4290","PFR1 (PFR1)"
"Tb927.3.4300","73 kDa paraflagellar rod protein,PFR1 (PFR1)"
"Tb927.3.4310","73 kDa paraflagellar rod protein,PFR1 (PFR1)"
"Tb927.3.4320","73 kDa paraflagellar rod protein,PFR1 (PFR1)"
"Tb927.3.4330","73 kDa paraflagellar rod protein,PFR1 (PFR1)"
"Tb927.3.440","variant surface glycoprotein (VSG), putative"
"Tb927.3.4500","fumarate hydratase, class I (FHc)"
"Tb927.3.450","variant surface glycoprotein (VSG, pseudogene), putative,variant surface glycoprotein, degenerate"
"Tb927.3.460","expression site-associated gene (ESAG, pseudogene), putative,expression site-associated gene 3 (ESAG3), degenerate"
"Tb927.3.4720","dynamin, putative,vacuolar sortin protein 1, putative"
"Tb927.3.4730","hypothetical protein, conserved,leucine-rich repeat protein (LRRP), putative"
"Tb927.3.4740","hypothetical protein, conserved"
"Tb927.3.4750","aminopeptidase, putative,metallo-peptidase, Clan MA(E) Family M1"
"Tb927.3.4760","dynamin, putative,vacuolar sortin protein 1, putative"
"Tb927.3.4770","hypothetical protein, conserved,leucine-rich repeat protein (LRRP), putative"
"Tb927.3.4780","hypothetical protein, conserved"
"Tb927.3.4790","aminopeptidase, putative,metallo-peptidase, Clan MA(E) Family M1"
"Tb927.3.4840","ubiquitin hydrolase, putative,cysteine peptidase, Clan CA, family C19, putative"
"Tb927.3.500","variant surface glycoprotein (VSG, pseudogene), putative,variant surface glycoprotein, degenerate"
"Tb927.3.5150","exonuclease, putative"
"Tb927.3.520","expression site-associated gene (ESAG) protein, putative,expression site-associated gene 1 (ESAG1) protein, putative"
"Tb927.3.530","expression site-associated gene (ESAG, pseudogene), putative,expression site-associated gene 11 (ESAG11), degenerate"
"Tb927.3.540","expression site-associated gene (ESAG, pseudogene), putative,expression site-associated gene 1 (ESAG1), truncated"
"Tb927.3.550","expression site-associated gene (ESAG, pseudogene), putative,expression site-associated gene 1 (ESAG1), degenerate"
"Tb927.3.560","expression site-associated gene (ESAG) protein, putative,expression site-associated gene 11 (ESAG11) protein, putative"
"Tb927.3.5670","hypothetical protein"
"Tb927.3.5680","variant surface glycoprotein (VSG)-related, putative"
"Tb927.3.5700","hypothetical protein, conserved"
"Tb927.3.570","expression site-associated gene (ESAG) protein, putative,expression site-associated gene 2 (ESAG2) protein, putative"
"Tb927.3.5710","hypothetical protein, conserved"
"Tb927.3.5720","hypothetical protein, conserved"
"Tb927.3.5730","hypothetical protein, conserved"
"Tb927.3.575","hypothetical protein"
"Tb927.3.580","leucine-rich repeat protein (LRRP), putative"
"Tb927.3.590","adenosine transporter, putative"
"Tb927.3.600","hypothetical protein"
"Tb927.3.990","hypothetical protein, conserved"
"Tb927.4.1340","cleavage and polyadenylation specificity factor subunit, putative (CPSF3)"
"Tb927.4.1790","ribosomal protein L3, putative"
"Tb927.4.1800","ribosomal protein L3, mitochondrial, putative"
"Tb927.4.1900","hypothetical protein, conserved"
"Tb927.4.2040","ALBA-Domain Protein (ALBA3)"
"Tb927.4.2070","antigenic protein, putative"
"Tb927.4.2090","hypothetical protein"
"Tb927.4.2230","dolichyl-P-Man"
"Tb927.4.240","retrotransposon hot spot protein (RHS, pseudogene), putative,retrotransposon hot spot protein 4 (RHS4), degenerate"
"Tb927.4.2500","protein kinase, putative,eukaryotic translation initiation factor 2-alpha kinase precursor, putative"
"Tb927.4.2700","Hydroxymethylglutaryl-CoA lyase, mitochondrial, putative,Hydroxymethylglutaryl-CoA synthase, putative"
"Tb927.4.280","retrotransposon hot spot protein 3 (RHS3), putative"
"Tb927.4.2850","hypothetical protein, conserved"
"Tb927.4.290","retrotransposon hot spot protein 3 (RHS3), putative"
"Tb927.4.3040","hypothetical protein, conserved"
"Tb927.4.310","hypothetical protein, conserved"
"Tb927.4.3460","ubiquitin-conjugating enzyme e2, putative,ubiquitin carrier protein, putative,ubiquitin-protein ligase, putative"
"Tb927.4.3490","DNA-directed RNA polymerase III subunit, putative,DNA-directed rna polymerase II subunit, putative (RPB6)"
"Tb927.4.3510","DNA-directed RNA polymerase subunit, putative"
"Tb927.4.3570","translation elongation factor 1-beta, putative"
"Tb927.4.3580","hypothetical protein, conserved"
"Tb927.4.3590","translation elongation factor 1-beta, putative"
"Tb927.4.3600","hypothetical protein, conserved"
"Tb927.4.3630","serine threonine-protein phosphatase PP1, putative (PP1-5)"
"Tb927.4.3640","serine threonine-protein phosphatase PP1, putative (PP1-4)"
"Tb927.4.3710","hypothetical protein, conserved"
"Tb927.4.3860","receptor-type adenylate cyclase GRESAG 4, putative"
"Tb927.4.3870","receptor-type adenylate cyclase GRESAG 4, putative"
"Tb927.4.3880","receptor-type adenylate cyclase GRESAG 4, putative"
"Tb927.4.3890","ATP-dependent RNA helicase, putative"
"Tb927.4.3900","hypothetical protein, conserved"
"Tb927.4.3990","amino acid transporter, putative"
"Tb927.4.4000","amino acid transporter, putative"
"Tb927.4.4010","amino acid transporter, putative"
"Tb927.4.4100","hypothetical protein, conserved"
"Tb927.4.4140","hypothetical protein, conserved"
"Tb927.4.4240","hypothetical protein, conserved"
"Tb927.4.4250","UDP-Gal or UDP-GlcNAc-dependent glycosyltransferase, putative"
"Tb927.4.4260","hypothetical protein, conserved"
"Tb927.4.4280","hypothetical protein, conserved"
"Tb927.4.4420","adenylyl cyclase, pseudogene, putative,adenylyl cyclase, frameshift"
"Tb927.4.4430","adenylyl cyclase (GRESAG 4.4)"
"Tb927.4.4440","adenylyl cyclase (GRESAG 4.4)"
"Tb927.4.4450","adenylyl cyclase (GRESAG 4.4)"
"Tb927.4.450","coatomer alpha subunit, putative (TbCoatomerAlpha)"
"Tb927.4.4830","amino acid transporter, putative"
"Tb927.4.4840","amino acid transporter 7, putative (AATP7)"
"Tb927.4.4850","amino acid transporter, putative"
"Tb927.4.4860","amino acid transporter 8, putative (AATP8)"
"Tb927.4.4870","amino acid transporter, putative"
"Tb927.4.500","hypothetical protein, conserved"
"Tb927.4.5010","calreticulin, putative"
"Tb927.4.5050","dihydrolipoamide dehydrogenase, pseudogene, putative,acetoin dehydrogenase e3 component, point mutation,dihydrolipoamide dehydrogenase, point mutation"
"Tb927.4.5100","hypothetical protein, conserved"
"Tb927.4.5240","UDP-Gal or UDP-GlcNAc-dependent glycosyltransferase, putative"
"Tb927.4.5250","UDP-Gal or UDP-GlcNAc-dependent glycosyltransferase, putative"
"Tb927.4.5260","UDP-Gal or UDP-GlcNAc-dependent glycosyltransferase, putative"
"Tb927.4.5270","UDP-Gal or UDP-GlcNAc-dependent glycosyltransferase, putative"
"Tb927.4.5280","UDP-Gal or UDP-GlcNAc-dependent glycosyltransferase, putative"
"Tb927.4.5290","UDP-Gal or UDP-GlcNAc-dependent glycosyltransferase, putative"
"Tb927.4.5320","hypothetical protein, conserved"
"Tb927.4.5380","hypothetical protein, conserved"
"Tb927.4.5390","serine/threonine-protein kinase NrkA,nek1/NIMA-related kinase A (NrkA)"
"Tb927.4.5400","variant surface glycoprotein (VSG, atypical), putative"
"Tb927.4.5410","variant surface glycoprotein (VSG, atypical), putative"
"Tb927.4.5420","variant surface glycoprotein (VSG, atypical), putative"
"Tb927.4.5430","variant surface glycoprotein (VSG, atypical), putative"
"Tb927.4.5450","variant surface glycoprotein (VSG, pseudogene), putative,variant surface glycoprotein, degenerate"
"Tb927.4.5470","variant surface glycoprotein (VSG, pseudogene), putative,variant surface glycoprotein, degenerate"
"Tb927.4.5480","expression site-associated gene (ESAG, pseudogene), putative,expression site-associated gene 3 (ESAG3), degenerate"
"Tb927.4.5490","variant surface glycoprotein (VSG, pseudogene), putative,variant surface glycoprotein, fragment, degenerate"
"Tb927.4.5500","variant surface glycoprotein (VSG, pseudogene), putative,variant surface glycoprotein, degenerate"
"Tb927.4.5550","variant surface glycoprotein (VSG, pseudogene), putative,variant surface glycoprotein, fragment, degenerate"
"Tb927.4.5560","variant surface glycoprotein (VSG), putative"
"Tb927.4.5570","variant surface glycoprotein (VSG, pseudogene), putative,variant surface glycoprotein, degenerate"
"Tb927.4.5620","variant surface glycoprotein (VSG, pseudogene), putative,variant surface glycoprotein, degenerate"
"Tb927.4.5630","variant surface glycoprotein (VSG, pseudogene), putative,variant surface glycoprotein, fragment, degenerate"
"Tb927.4.5720","variant surface glycoprotein (VSG, pseudogene), putative,variant surface glycoprotein, degenerate"
"Tb927.4.5770","expression site-associated gene (ESAG, pseudogene), putative,expression site-associated gene 3 (ESAG3), degenerate"
"Tb927.4.620","hypothetical protein, conserved"
"Tb927.4.750","50S ribosomal protein L7Ae, putative"
"Tb927.4.870","dynein heavy chain, putative"
"Tb927.4.930","50S ribosomal protein L14, putative"
"Tb927.5.100","expression site-associated gene (ESAG, pseudogene), putative,expression site-associated gene 9 (ESAG9), degenerate"
"Tb927.5.1020","disulfide isomerase, putative"
"Tb927.5.110","variant surface glycoprotein (VSG)-related, putative"
"Tb927.5.1400","hypothetical protein"
"Tb927.5.1420","hypothetical protein"
"Tb927.5.1430","64 kDa invariant surface glycoprotein (ISG64)"
"Tb927.5.1460","hypothetical protein, conserved"
"Tb927.5.160","retrotransposon hot spot protein (RHS, pseudogene), putative,retrotransposon hot spot protein (RHS), degenerate"
"Tb927.5.1680","hypothetical protein, conserved"
"Tb927.5.180","variant surface glycoprotein (VSG, pseudogene), putative,variant surface glycoprotein, degenerate"
"Tb927.5.1830","lysosomal/endosomal membrane protein p67,lysosomal membrane glycoprotein"
"Tb927.5.190","variant surface glycoprotein (VSG, pseudogene), putative,variant surface glycoprotein, degenerate"
"Tb927.5.200","variant surface glycoprotein (VSG, pseudogene), putative,variant surface glycoprotein, degenerate"
"Tb927.5.2015","hypothetical protein, Tb specific"
"Tb927.5.2016","hypothetical protein, Tb specific"
"Tb927.5.2017","hypothetical protein, Tb specific"
"Tb927.5.210","expression site-associated gene (ESAG, pseudogene), putative,expression site-associated gene 3 (ESAG3), degenerate"
"Tb927.5.2150","hypothetical protein, conserved"
"Tb927.5.2170","conserved protein"
"Tb927.5.2180","hypothetical protein, conserved"
"Tb927.5.2190","hypothetical protein, conserved"
"Tb927.5.2200","hypothetical protein, conserved"
"Tb927.5.220","variant surface glycoprotein (VSG, pseudogene), putative,variant surface glycoprotein, degenerate"
"Tb927.5.2210","hypothetical protein, conserved"
"Tb927.5.2220","hypothetical protein, conserved"
"Tb927.5.2230","conserved protein"
"Tb927.5.2240","hypothetical protein, conserved"
"Tb927.5.2250","hypothetical protein, conserved"
"Tb927.5.2260","conserved protein"
"Tb927.5.230","variant surface glycoprotein (VSG, atypical), putative"
"Tb927.5.2360","hypothetical protein, conserved"
"Tb927.5.2390","hypothetical protein, conserved"
"Tb927.5.2400","ubiquitin carboxyl-terminal hydrolase, putative,cysteine peptidase, Clan CA, family C19, putative"
"Tb927.5.240","variant surface glycoprotein (VSG, pseudogene), putative,variant surface glycoprotein, degenerate"
"Tb927.5.250","variant surface glycoprotein (VSG, pseudogene), putative,variant surface glycoprotein, fragment, degenerate"
"Tb927.5.2530","hypothetical protein, conserved"
"Tb927.5.260","expression site-associated gene (ESAG, pseudogene), putative,expression site-associated gene 3 (ESAG3), degenerate"
"Tb927.5.280","retrotransposon hot spot protein (RHS, pseudogene), putative,retrotransposon hot spot protein 3 (RHS3), interrupted, degenerate"
"Tb927.5.290","galactokinase, pseudogene, putative,galactokinase, degenerate,galactose kinase, degenerate"
"Tb927.5.300","thymine-7-hydroxylase, putative (TLP5)"
"Tb927.5.300b","2-oxoglutarate (2OG) and Fe(II)-dependent oxygenase superfamily protein, putative"
"Tb927.5.3050","poly(ADP-ribose) polymerase, putative"
"Tb927.5.310","hypothetical protein"
"Tb927.5.320","receptor-type adenylate cyclase GRESAG 4, putative,adenylyl cyclase, putative"
"Tb927.5.330","receptor-type adenylate cyclase GRESAG 4, putative,adenylyl cyclase, putative,ATP pyrophosphate-lyase, putative"
"Tb927.5.3440","hypothetical protein, conserved"
"Tb927.5.3470","hypothetical protein, conserved"
"Tb927.5.3680","hypothetical protein, conserved"
"Tb927.5.3750","RNA-binding protein, putative (PPCT1)"
"Tb927.5.3770","hypothetical protein, conserved"
"Tb927.5.380","75 kDa invariant surface glycoprotein, putative (ISG75)"
"Tb927.5.390","75 kDa invariant surface glycoprotein, putative"
"Tb927.5.400","75 kDa invariant surface glycoprotein, putative (ISG75)"
"Tb927.5.4170","histone H4, putative"
"Tb927.5.4190","histone H4, putative"
"Tb927.5.4200","histone H4, putative"
"Tb927.5.4210","histone H4, putative"
"Tb927.5.4220","histone H4, putative"
"Tb927.5.4230","histone H4, putative"
"Tb927.5.4240","histone H4, putative"
"Tb927.5.4250","histone H4, putative"
"Tb927.5.4260","histone H4, putative"
"Tb927.5.430","hypothetical protein"
"Tb927.5.4460","major vault protein, putative (MVP)"
"Tb927.5.4540","receptor-type adenylate cyclase GRESAG 4, putative,adenylyl cyclase, putative,ATP pyrophosphate-lyase, putative"
"Tb927.5.4550","receptor-type adenylate cyclase GRESAG 4, putative,adenylyl cyclase, putative,ATP pyrophosphate-lyase, putative"
"Tb927.5.4560","guanine deaminase, putative,guanase, putative,guanine aminase, putative,guanine aminohydrolase, putative"
"Tb927.5.4590","small GTP-binding rab protein, pseudogene, putative,small GTP-binding rab protein, degenerate"
"Tb927.5.4610","variant surface glycoprotein (VSG, pseudogene)- related, putative,variant surface glycoprotein-related protein, frameshift"
"Tb927.5.4620","expression site-associated gene (ESAG) protein, putative,expression site-associated gene 9 (ESAG9) protein, putative"
"Tb927.5.4630","expression site-associated gene (ESAG) protein, putative,expression site-associated gene 1 (ESAG1) protein, putative"
"Tb927.5.4650","variant surface glycoprotein (VSG, pseudogene), putative,variant surface glycoprotein, degenerate"
"Tb927.5.4660","expression site-associated gene (ESAG, pseudogene), putative,expression site-associated gene 3 (ESAG3), degenerate"
"Tb927.5.4670","variant surface glycoprotein (VSG, atypical), putative"
"Tb927.5.4680","variant surface glycoprotein (VSG, pseudogene), putative,variant surface glycoprotein, degenerate"
"Tb927.5.4690","variant surface glycoprotein (VSG, atypical), putative"
"Tb927.5.4730","variant surface glycoprotein (VSG, atypical), putative"
"Tb927.5.4740","variant surface glycoprotein (VSG, pseudogene), putative,variant surface glycoprotein, degenerate"
"Tb927.5.4820","variant surface glycoprotein (VSG, pseudogene), putative,variant surface glycoprotein, degenerate"
"Tb927.5.4830","variant surface glycoprotein (VSG, pseudogene), putative,variant surface glycoprotein, degenerate"
"Tb927.5.4840","variant surface glycoprotein (VSG, atypical), putative"
"Tb927.5.4850","variant surface glycoprotein (VSG, pseudogene), putative,variant surface glycoprotein, degenerate"
"Tb927.5.4860","expression site-associated gene (ESAG, pseudogene), putative,expression site-associated gene 3 (ESAG3), degenerate"
"Tb927.5.4870","variant surface glycoprotein (VSG, pseudogene), putative,variant surface glycoprotein, degenerate"
"Tb927.5.4880","variant surface glycoprotein (VSG, pseudogene), putative,variant surface glycoprotein, degenerate"
"Tb927.5.4890","variant surface glycoprotein (VSG, pseudogene), putative,variant surface glycoprotein, truncated, degenerate"
"Tb927.5.4900","variant surface glycoprotein (VSG, pseudogene), putative,variant surface glycoprotein, frameshift"
"Tb927.5.4920","variant surface glycoprotein (VSG, pseudogene), putative,variant surface glycoprotein, point mutation"
"Tb927.5.4930","variant surface glycoprotein (VSG, pseudogene), putative,variant surface glycoprotein, point mutation"
"Tb927.5.4940","variant surface glycoprotein (VSG, pseudogene), putative,variant surface glycoprotein, frameshift"
"Tb927.5.4950","variant surface glycoprotein (VSG, atypical), putative"
"Tb927.5.4960","variant surface glycoprotein (VSG, pseudogene), putative,variant surface glycoprotein, degenerate"
"Tb927.5.4980","variant surface glycoprotein (VSG, pseudogene), putative,variant surface glycoprotein, frameshift"
"Tb927.5.5010","variant surface glycoprotein (VSG, pseudogene), putative,variant surface glycoprotein, degenerate"
"Tb927.5.5020","UDP-Gal or UDP-GlcNAc-dependent glycosyltransferase (pseudogene), putative,UDP-Gal or UDP- GlcNAc-dependent glycosyltransferase, point mutation"
"Tb927.5.5070","variant surface glycoprotein (VSG, pseudogene), putative,variant surface glycoprotein, fragment"
"Tb927.5.5080","variant surface glycoprotein (VSG), putative"
"Tb927.5.5100","variant surface glycoprotein (VSG, pseudogene), putative,variant surface glycoprotein, degenerate"
"Tb927.5.5110","variant surface glycoprotein (VSG, pseudogene), putative,variant surface glycoprotein, degenerate"
"Tb927.5.5120","variant surface glycoprotein (VSG, pseudogene), putative,variant surface glycoprotein, degenerate"
"Tb927.5.5140","UDP-Gal or UDP-GlcNAc-dependent glycosyltransferase (pseudogene), putative,UDP-Gal or UDP- GlcNAc-dependent glycosyltransferase, degenerate"
"Tb927.5.5150","variant surface glycoprotein (VSG, pseudogene), putative,variant surface glycoprotein, degenerate"
"Tb927.5.5160","variant surface glycoprotein (VSG, pseudogene), putative,variant surface glycoprotein, degenerate"
"Tb927.5.5170","variant surface glycoprotein (VSG, pseudogene), putative,variant surface glycoprotein, point mutation"
"Tb927.5.5180","UDP-Gal or UDP-GlcNAc-dependent glycosyltransferase (pseudogene), putative,UDP-Gal or UDP- GlcNAc-dependent glycosyltransferase, degenerate"
"Tb927.5.5190","variant surface glycoprotein (VSG, pseudogene), putative,variant surface glycoprotein, degenerate"
"Tb927.5.5200","variant surface glycoprotein (VSG, pseudogene), putative,variant surface glycoprotein, degenerate"
"Tb927.5.5220","variant surface glycoprotein (VSG, pseudogene), putative,variant surface glycoprotein, degenerate"
"Tb927.5.5230","expression site-associated gene (ESAG, pseudogene), putative,expression site-associated gene (ESAG), degenerate"
"Tb927.5.5240","variant surface glycoprotein (VSG), putative"
"Tb927.5.5250","variant surface glycoprotein (VSG, pseudogene), putative,variant surface glycoprotein, fragment, degenerate"
"Tb927.5.5260","variant surface glycoprotein (VSG, pseudogene), putative,variant surface glycoprotein, point mutation"
"Tb927.5.5270","variant surface glycoprotein (VSG, pseudogene), putative,variant surface glycoprotein, frameshift"
"Tb927.5.5280","variant surface glycoprotein (VSG, pseudogene), putative,variant surface glycoprotein, frameshift"
"Tb927.5.5290","variant surface glycoprotein (VSG, pseudogene), putative,variant surface glycoprotein, degenerate"
"Tb927.5.5300","variant surface glycoprotein (VSG, pseudogene), putative,variant surface glycoprotein, degenerate"
"Tb927.5.5310","variant surface glycoprotein (VSG, pseudogene), putative,variant surface glycoprotein, frameshift"
"Tb927.5.5320","variant surface glycoprotein (VSG, pseudogene), putative,variant surface glycoprotein, degenerate"
"Tb927.5.5330","variant surface glycoprotein (VSG, pseudogene), putative,variant surface glycoprotein, degenerate"
"Tb927.5.5340","expression site-associated gene (ESAG, pseudogene), putative,expression site-associated gene (ESAG), degenerate"
"Tb927.5.5350","variant surface glycoprotein (VSG, pseudogene), putative,variant surface glycoprotein, truncated"
"Tb927.5.5360","Variant Surface Glycoprotein, putative"
"Tb927.5.5370","Variant Surface Glycoprotein, putative"
"Tb927.5.5380","Variant Surface Glycoprotein, putative"
"Tb927.5.5390","Variant Surface Glycoprotein, putative"
"Tb927.5.5400","Variant Surface Glycoprotein, putative"
"Tb927.5.5410","Variant Surface Glycoprotein, putative"
"Tb927.5.5420","Variant Surface Glycoprotein, putative"
"Tb927.5.5430","Variant Surface Glycoprotein, putative"
"Tb927.5.5440","Variant Surface Glycoprotein, putative"
"Tb927.5.5450","Variant Surface Glycoprotein, putative"
"Tb927.5.5460","Variant Surface Glycoprotein, putative"
"Tb927.5.5470","Variant Surface Glycoprotein, putative"
"Tb927.5.5480","Variant Surface Glycoprotein, putative"
"Tb927.5.5490","Variant Surface Glycoprotein, putative"
"Tb927.5.5500","Variant Surface Glycoprotein, putative"
"Tb927.5.5510","Variant Surface Glycoprotein, putative"
"Tb927.5.5520","Variant Surface Glycoprotein, putative"
"Tb927.5.5550","Variant Surface Glycoprotein, putative"
"Tb927.5.5560","Variant Surface Glycoprotein, putative"
"Tb927.5.5590","Variant Surface Glycoprotein, putative"
"Tb927.5.5600","Variant Surface Glycoprotein, putative"
"Tb927.5.5610","Variant Surface Glycoprotein, putative"
"Tb927.5.5620","Variant Surface Glycoprotein, putative"
"Tb927.5.5630","Variant Surface Glycoprotein, putative"
"Tb927.5.5640","Variant Surface Glycoprotein, putative"
"Tb927.5.5650","Variant Surface Glycoprotein, putative"
"Tb927.5.5660","Variant Surface Glycoprotein, putative"
"Tb927.5.5670","Variant Surface Glycoprotein, putative"
"Tb927.5.5680","Variant Surface Glycoprotein, putative"
"Tb927.5.5690","Variant Surface Glycoprotein, putative"
"Tb927.5.610","acidic phosphatase, putative"
"Tb927.5.890","oligosaccharyl transferase subunit, putative"
"Tb927.5.900","oligosaccharyl transferase subunit, putative"
"Tb927.5.910","oligosaccharyl transferase subunit, putative"
"Tb927.5.990","hypothetical protein, conserved"
"Tb927.6.1000","cysteine peptidase, Clan CA, family C1, Cathepsin L-like (CP)"
"Tb927.6.1010","cysteine peptidase, Clan CA, family C1, Cathepsin L-like (CP)"
"Tb927.6.1020","cysteine peptidase, Clan CA, family C1, Cathepsin L-like (Rhodesain)"
"Tb927.6.1030","cysteine peptidase, Clan CA, family C1, Cathepsin L-like (CP)"
"Tb927.6.1040","cysteine peptidase, Clan CA, family C1, Cathepsin L-like (CP)"
"Tb927.6.1050","cysteine peptidase, Clan CA, family C1, Cathepsin L-like (CP)"
"Tb927.6.1060","cysteine peptidase, Clan CA, family C1, Cathepsin L-like (CP)"
"Tb927.6.1250","hypothetical protein, conserved"
"Tb927.6.1300","hypothetical protein"
"Tb927.6.1310","hypothetical protein, conserved"
"Tb927.6.1320","cyclophilin-type peptidyl-prolyl cis-trans isomerase, putative (PPIase)"
"Tb927.6.1330","hypothetical protein, conserved"
"Tb927.6.1350","hypothetical protein, conserved"
"Tb927.6.1360","cyclophilin-type peptidyl-prolyl cis-trans isomerase, putative (PPIase)"
"Tb927.6.1370","hypothetical protein, conserved"
"Tb927.6.1380","cyclophilin-type peptidyl-prolyl cis-trans isomerase, putative (PPIase)"
"Tb927.6.1390","hypothetical protein, conserved"
"Tb927.6.1560","hypothetical protein, conserved"
"Tb927.6.2170","co-chaperone GrpE, putative"
"Tb927.6.2260","hypothetical protein, conserved"
"Tb927.6.2270","hypothetical protein, conserved"
"Tb927.6.2280","hypothetical protein, conserved"
"Tb927.6.2290","hypothetical protein, conserved"
"Tb927.6.2300","adenosine kinase, putative"
"Tb927.6.2310","hypothetical protein, conserved"
"Tb927.6.2320","hypothetical protein, conserved"
"Tb927.6.2330","RGG protein (RGG1)"
"Tb927.6.2340","hypothetical protein, conserved"
"Tb927.6.2350","hypothetical protein, conserved"
"Tb927.6.2360","adenosine kinase, putative"
"Tb927.6.2370","ubiquitin-protein ligase, putative"
"Tb927.6.240","hypothetical protein, conserved"
"Tb927.6.250","hypothetical protein"
"Tb927.6.2670","NUDIX hydrolase dihydroneopterin triphosphate pyrophosphohydrolase/hydrolase, putative"
"Tb927.6.280","receptor-type adenylate cyclase GRESAG 4, putative"
"Tb927.6.300","receptor-type adenylate cyclase GRESAG 4, putative"
"Tb927.6.3010","hypothetical protein, conserved"
"Tb927.6.3050","aldehyde dehydrogenase family, putative"
"Tb927.6.3100","hypothetical protein, conserved"
"Tb927.6.310","receptor-type adenylate cyclase GRESAG 4, putative"
"Tb927.6.320","receptor-type adenylate cyclase GRESAG 4, pseudogene, putative,receptor-type adenylate cyclase GRESAG 4, degenerate"
"Tb927.6.3210","hypothetical protein, conserved"
"Tb927.6.3250","hypothetical protein, conserved"
"Tb927.6.3270","hypothetical protein, conserved"
"Tb927.6.3380","expression site-associated gene (ESAG, pseudogene), putative,expression site-associated gene 1 (ESAG1), degenerate"
"Tb927.6.3390","expression site-associated gene (ESAG, pseudogene), putative,expression site-associated gene 2 (ESAG2), frameshift"
"Tb927.6.340","receptor-type adenylate cyclase GRESAG 4, pseudogene, putative,receptor-type adenylate cyclase GRESAG 4, degenerate"
"Tb927.6.3740","heat shock 70 kDa protein, mitochondrial precursor, putative"
"Tb927.6.3790","valosin-containing protein homolog, putative,AAA ATPase"
"Tb927.6.3800","heat shock 70 kDa protein, mitochondrial precursor, putative"
"Tb927.6.380","hypothetical protein, conserved"
"Tb927.6.390","adenylyl cyclase, pseudogene, putative,adenylyl cyclase, degenerate"
"Tb927.6.4210","aldehyde dehydrogenase, putative (ALDH)"
"Tb927.6.4300","glyceraldehyde 3-phosphate dehydrogenase, glycosomal (GAPDH)"
"Tb927.6.4400","hypothetical protein, conserved"
"Tb927.6.4410","S-adenosylmethionine decarboxylase (AdoMetDC)"
"Tb927.6.4450","hypothetical protein, conserved"
"Tb927.6.4460","S-adenosylmethionine decarboxylase (AdoMetDC)"
"Tb927.6.4490","hypothetical protein, conserved"
"Tb927.6.450","EP3-2 procyclin,PARP,procyclin PARP A,procyclin B1- alpha,procyclic acidic repetitive protein A.beta,procyclic form specific polypeptide B1-alpha precursor"
"Tb927.6.460","procyclin associated gene 3 (PAG3) protein,procyclin PARP A,procyclic acidic repetitive protein A (PAG3)"
"Tb927.6.470","gene related to expression site-associated gene 2 (GRESAG2), putative"
"Tb927.6.480","EP3-2 procyclin,PARP A-beta,surface protein EP3-2,surface protein EP3-2 procyclin precursor,procyclic form specific polypeptide A-beta precursor"
"Tb927.6.4840","S-adenosylmethionine synthetase, putative (METK1)"
"Tb927.6.4850","S-adenosylmethionine synthetase, putative (METK1)"
"Tb927.6.4860","S-adenosylmethionine synthetase, putative (METK1)"
"Tb927.6.4870","S-adenosylmethionine synthetase, putative (METK1)"
"Tb927.6.4880","S-adenosylmethionine synthetase, putative (METK1)"
"Tb927.6.4890","S-adenosylmethionine synthetase, putative (METK1)"
"Tb927.6.4900","S-adenosylmethionine synthetase, putative (METK1)"
"Tb927.6.490","procyclin associated gene 3 (PAG3) protein,procyclin PARP A,procyclic acidic repetitive protein A (PAG3)"
"Tb927.6.4910","S-adenosylmethionine synthetase, putative (METK1)"
"Tb927.6.4920","S-adenosylmethionine synthetase, putative (METK1)"
"Tb927.6.4970","serine/arginine-rich protein specific kinase SRPK, putative,protein kinase, putative"
"Tb927.6.500","gene related to expression site-associated gene 2 (GRESAG2), putative"
"Tb927.6.5070","hypothetical protein, conserved"
"Tb927.6.5170","retrotransposon hot spot protein (RHS, pseudogene), putative,retrotransposon hot spot protein 4 (RHS4), interrupted"
"Tb927.6.5180","retrotransposon hot spot protein (RHS, pseudogene), putative,retrotransposon hot spot protein 4 (RHS4), interrupted"
"Tb927.6.5190","DNA-directed RNA polymerase III, pseudogene, putative,DNA-directed RNA polymerase III, degenerate"
"Tb927.6.5220","variant surface glycoprotein (VSG, pseudogene), putative,variant surface glycoprotein, fragment, degenerate"
"Tb927.6.5240","variant surface glycoprotein (VSG, atypical), putative"
"Tb927.6.5300","variant surface glycoprotein (VSG, pseudogene), putative,variant surface glycoprotein, degenerate"
"Tb927.6.5310","UDP-Gal or UDP-GlcNAc-dependent glycosyltransferase (pseudogene), putative,UDP-Gal or UDP- GlcNAc-dependent glycosyltransferase, degenerate"
"Tb927.6.5320","variant surface glycoprotein (VSG, pseudogene), putative,variant surface glycoprotein, frameshift"
"Tb927.6.5330","variant surface glycoprotein (VSG, pseudogene), putative,variant surface glycoprotein, degenerate"
"Tb927.6.5350","variant surface glycoprotein (VSG, pseudogene), putative,variant surface glycoprotein, degenerate"
"Tb927.6.5360","variant surface glycoprotein (VSG, pseudogene), putative,variant surface glycoprotein, degenerate"
"Tb927.6.5370","variant surface glycoprotein (VSG), putative"
"Tb927.6.5380","variant surface glycoprotein (VSG, pseudogene), putative,variant surface glycoprotein, truncated"
"Tb927.6.5390","variant surface glycoprotein (VSG, pseudogene), putative,variant surface glycoprotein, degenerate"
"Tb927.6.5400","expression site-associated gene (ESAG, pseudogene), putative,expression site-associated gene 3 (ESAG3), degenerate"
"Tb927.6.5410","variant surface glycoprotein (VSG, pseudogene), putative,variant surface glycoprotein, degenerate"
"Tb927.6.5450","variant surface glycoprotein (VSG, atypical), putative"
"Tb927.6.5460","variant surface glycoprotein (VSG, pseudogene), putative,variant surface glycoprotein, degenerate"
"Tb927.6.5470","variant surface glycoprotein (VSG, pseudogene), putative,variant surface glycoprotein, degenerate"
"Tb927.6.5480","variant surface glycoprotein (VSG, pseudogene), putative,variant surface glycoprotein, degenerate"
"Tb927.6.5490","expression site-associated gene (ESAG, pseudogene), putative,expression site-associated gene 3 (ESAG3), degenerate"
"Tb927.6.5500","variant surface glycoprotein (VSG, pseudogene), putative,variant surface glycoprotein, degenerate"
"Tb927.6.5510","expression site-associated gene (ESAG, pseudogene), putative,expression site-associated gene 3 (ESAG3), degenerate"
"Tb927.6.5520","variant surface glycoprotein (VSG, pseudogene), putative,variant surface glycoprotein, degenerate"
"Tb927.6.5530","variant surface glycoprotein (VSG, pseudogene), putative,variant surface glycoprotein, degenerate"
"Tb927.6.5540","variant surface glycoprotein (VSG, pseudogene), putative,variant surface glycoprotein, degenerate"
"Tb927.6.5550","variant surface glycoprotein (VSG, atypical), putative"
"Tb927.6.5560","variant surface glycoprotein (VSG, pseudogene), putative,variant surface glycoprotein, degenerate"
"Tb927.6.5570","variant surface glycoprotein (VSG, pseudogene), putative,variant surface glycoprotein, fragment, degenerate"
"Tb927.6.5580","expression site-associated gene (ESAG, pseudogene), putative,expression site-associated gene 3 (ESAG3), degenerate"
"Tb927.6.5590","variant surface glycoprotein (VSG, pseudogene), putative,variant surface glycoprotein, frameshift"
"Tb927.6.5610","variant surface glycoprotein (VSG, pseudogene), putative,variant surface glycoprotein, degenerate"
"Tb927.6.5620","variant surface glycoprotein (VSG, pseudogene), putative,variant surface glycoprotein, degenerate"
"Tb927.6.5630","variant surface glycoprotein (VSG, pseudogene), putative,variant surface glycoprotein, frameshift"
"Tb927.6.5650","variant surface glycoprotein (VSG, pseudogene), putative,variant surface glycoprotein, degenerate"
"Tb927.6.5670","variant surface glycoprotein (VSG, pseudogene), putative,variant surface glycoprotein, degenerate"
"Tb927.6.5680","variant surface glycoprotein (VSG, pseudogene), putative,variant surface glycoprotein, degenerate"
"Tb927.6.5690","variant surface glycoprotein (VSG, pseudogene), putative,variant surface glycoprotein, fragment"
"Tb927.6.5700","variant surface glycoprotein (VSG, pseudogene), putative,variant surface glycoprotein, fragment, degenerate"
"Tb927.6.5710","variant surface glycoprotein (VSG, pseudogene), putative,variant surface glycoprotein, degenerate"
"Tb927.6.5720","expression site-associated gene (ESAG, pseudogene), putative,expression site-associated gene 3 (ESAG3), degenerate"
"Tb927.6.5760","variant surface glycoprotein (VSG, pseudogene), putative,variant surface glycoprotein, degenerate"
"Tb927.6.5770","expression site-associated gene (ESAG, pseudogene), putative,expression site-associated gene 3 (ESAG3), degenerate"
"Tb927.6.5780","variant surface glycoprotein (VSG, pseudogene), putative,variant surface glycoprotein, point mutation"
"Tb927.6.5790","variant surface glycoprotein (VSG, pseudogene), putative,variant surface glycoprotein, frameshift"
"Tb927.6.5810","transposase of Tn10"
"Tb927.6.5830","variant surface glycoprotein (VSG, pseudogene), putative,variant surface glycoprotein, degenerate"
"Tb927.6.720","40S ribosomal protein L14, putative"
"Tb927.6.760","receptor-type adenylate cyclase GRESAG 4, putative"
"Tb927.6.770","receptor-type adenylate cyclase GRESAG 4, putative"
"Tb927.6.780","receptor-type adenylate cyclase GRESAG 4, putative"
"Tb927.6.790","receptor-type adenylate cyclase GRESAG 4, putative"
"Tb927.6.800","receptor-type adenylate cyclase GRESAG 4, putative"
"Tb927.6.960","cysteine peptidase, Clan CA, family C1, Cathepsin L-like (CP)"
"Tb927.6.970","cysteine peptidase, Clan CA, family C1, Cathepsin L-like (CP)"
"Tb927.6.980","cysteine peptidase, Clan CA, family C1, Cathepsin L-like (CP)"
"Tb927.6.990","cysteine peptidase, Clan CA, family C1, Cathepsin L-like (CP)"
"Tb927.7.100","variant surface glycoprotein (VSG), putative"
"Tb927.7.110","variant surface glycoprotein (VSG, pseudogene), putative,variant surface glycoprotein, degenerate"
"Tb927.7.120","variant surface glycoprotein (VSG, pseudogene), putative,variant surface glycoprotein, degenerate"
"Tb927.7.1210","regulator of chromosome condensation, putative"
"Tb927.7.1270","hypothetical protein, conserved"
"Tb927.7.1280","hypothetical protein, conserved"
"Tb927.7.1320","10 kDa heat shock protein, putative (HSP10)"
"Tb927.7.1340","10 kDa heat shock protein, putative (HSP10)"
"Tb927.7.150","variant surface glycoprotein (VSG, pseudogene), putative,variant surface glycoprotein, degenerate"
"Tb927.7.1530","hypothetical protein, conserved"
"Tb927.7.1740","60S ribosomal protein L7, putative"
"Tb927.7.1750","60S ribosomal protein L7, putative"
"Tb927.7.1810","hypothetical protein, conserved"
"Tb927.7.1820","hypothetical protein, conserved"
"Tb927.7.1830","hypothetical protein, conserved"
"Tb927.7.1840","zinc finger protein, putative"
"Tb927.7.1850","hypothetical protein, conserved"
"Tb927.7.1860","hypothetical protein, conserved"
"Tb927.7.1870","hypothetical protein, conserved"
"Tb927.7.1880","zinc finger protein, putative"
"Tb927.7.1890","hypothetical protein, conserved"
"Tb927.7.1950","retrotransposon hot spot protein 7 (RHS7), putative"
"Tb927.7.1960","retrotransposon hot spot protein 7 (RHS7), putative"
"Tb927.7.1970","retrotransposon hot spot protein 7 (RHS7), putative"
"Tb927.7.2020","retrotransposon hot spot protein 7 (RHS7), putative"
"Tb927.7.2130","hypothetical protein, conserved"
"Tb927.7.2200","hypothetical protein, conserved"
"Tb927.7.2300","Nucleoporin (TbNup132)"
"Tb927.7.230","40S ribosomal protein S33, putative"
"Tb927.7.2370","40S ribosomal protein S15, putative"
"Tb927.7.240","40S ribosomal protein S33, putative"
"Tb927.7.2650","hypothetical protein, conserved"
"Tb927.7.2820","histone H2A, putative"
"Tb927.7.2830","histone H2A, putative"
"Tb927.7.2840","histone H2A, putative"
"Tb927.7.2850","histone H2A, putative"
"Tb927.7.2860","histone H2A, putative"
"Tb927.7.2870","histone H2A, putative"
"Tb927.7.2880","histone H2A, putative"
"Tb927.7.2890","histone H2A, putative"
"Tb927.7.2900","histone H2A, putative"
"Tb927.7.2910","histone H2A, putative"
"Tb927.7.2920","histone H2A, putative"
"Tb927.7.2930","histone H2A, putative"
"Tb927.7.2940","histone H2A, putative"
"Tb927.7.2980","hypothetical protein, conserved"
"Tb927.7.2985","hypothetical protein"
"Tb927.7.2990","hypothetical protein, conserved"
"Tb927.7.3020","hypothetical protein, conserved"
"Tb927.7.3025","hypothetical protein"
"Tb927.7.3030","hypothetical protein, conserved"
"Tb927.7.3100","hypothetical protein, conserved"
"Tb927.7.3210","protein kinase, putative"
"Tb927.7.3240","hypothetical protein, conserved"
"Tb927.7.3250","expression site-associated gene (ESAG) protein, putative,expression site-associated gene 6 (ESAG6) protein, putative"
"Tb927.7.3260","expression site-associated gene (ESAG) protein, putative,expression site-associated gene 7 (ESAG7) protein, putative"
"Tb927.7.3600","hypothetical protein, conserved"
"Tb927.7.360","hypothetical protein, conserved"
"Tb927.7.370","hypothetical protein, conserved"
"Tb927.7.380","hypothetical protein, conserved"
"Tb927.7.3820","hypothetical protein, conserved"
"Tb927.7.390","hypothetical protein, conserved"
"Tb927.7.3950","RNA-editing complex protein,RNA-editing 3' terminal uridylyl transferase 1,KRET1 (KRET1)"
"Tb927.7.3960","50S ribosomal protein L16, putative"
"Tb927.7.3990","mitochondrial DNA polymerase I protein C (POL1C)"
"Tb927.7.400","hypothetical protein, conserved"
"Tb927.7.4060","calpain-like cysteine peptidase, putative,cysteine peptidase, Clan CA, family C2, putative"
"Tb927.7.410","hypothetical protein, conserved"
"Tb927.7.4140","hypothetical protein, conserved"
"Tb927.7.4240","hypothetical protein, conserved"
"Tb927.7.4250","hypothetical protein, conserved"
"Tb927.7.430","hypothetical protein, conserved"
"Tb927.7.4380","hypothetical protein, conserved"
"Tb927.7.440","hypothetical protein, conserved"
"Tb927.7.4990","hypothetical protein, conserved"
"Tb927.7.5000","60S ribosomal protein L19, putative"
"Tb927.7.5020","60S ribosomal protein L19, putative"
"Tb927.7.5070","hypothetical protein"
"Tb927.7.5170","60S ribosomal protein L23a,60S ribosomal protein L25"
"Tb927.7.5400","hypothetical protein, conserved"
"Tb927.7.5410","hypothetical protein, conserved"
"Tb927.7.5420","hypothetical protein, conserved"
"Tb927.7.5430","hypothetical protein, conserved"
"Tb927.7.5440","hypothetical protein, conserved"
"Tb927.7.5560","glucosamine-fructose-6-phosphate aminotransferase, putative"
"Tb927.7.5670","hypothetical protein, conserved"
"Tb927.7.5710","hypothetical protein, conserved"
"Tb927.7.5890","hypothetical protein, conserved"
"Tb927.7.5940","Protein Associated with Differentiation (PAD2)"
"Tb927.7.5980","protein associated with differentiation 6, putative (PAD6)"
"Tb927.7.5990","protein associated with differentiation 7, putative (PAD7)"
"Tb927.7.6010","hypothetical protein"
"Tb927.7.6030","hypothetical protein"
"Tb927.7.6040","receptor-type adenylate cyclase GRESAG 4, putative"
"Tb927.7.6070","receptor-type adenylate cyclase GRESAG 4, putative"
"Tb927.7.6080","receptor-type adenylate cyclase GRESAG 4, putative"
"Tb927.7.6130","hypothetical protein, conserved"
"Tb927.7.6310","polo-like protein kinase,protein kinase (PLK)"
"Tb927.7.6330","hypothetical protein"
"Tb927.7.6390","hypothetical protein, conserved"
"Tb927.7.6420","hypothetical protein, conserved"
"Tb927.7.6425","hypothetical protein"
"Tb927.7.6520","variant surface glycoprotein (VSG, pseudogene), putative,variant surface glycoprotein, frameshift"
"Tb927.7.6530","variant surface glycoprotein (VSG, pseudogene), putative,variant surface glycoprotein, degenerate"
"Tb927.7.6570","hypothetical protein, conserved"
"Tb927.7.6590","hypothetical protein, conserved"
"Tb927.7.6830","trans-sialidase, putative"
"Tb927.7.6850","trans-sialidase (TS)"
"Tb927.7.6870","hypothetical protein, conserved"
"Tb927.7.6920","hypothetical protein, conserved"
"Tb927.7.7420","ATP synthase alpha chain, mitochondrial precursor,ATP synthase F1, alpha subunit"
"Tb927.7.7530","receptor-type adenylate cyclase GRESAG 4, putative"
"Tb927.7.980","hypothetical protein, conserved"
"Tb927.7.990","chaperone protein DNAj, putative"
"Tb927.8.100","variant surface glycoprotein (VSG, pseudogene), putative,variant surface glycoprotein, point mutation"
"Tb927.8.1090","NPAPL,nuclear-poly(A)-polymerase-like (NPAPL)"
"Tb927.8.1100","protein kinase, putative"
"Tb927.8.110","variant surface glycoprotein (VSG, pseudogene), putative,variant surface glycoprotein, point mutation"
"Tb927.8.1130","protein phosphatase with EF-Hand domains, putative"
"Tb927.8.1160","vacuolar-type Ca2+-ATPase, putative"
"Tb927.8.1170","hypothetical protein, conserved"
"Tb927.8.120","expression site-associated gene (ESAG, pseudogene), putative,expression site-associated gene 3 (ESAG3), degenerate"
"Tb927.8.1250","hypothetical protein, conserved"
"Tb927.8.130","variant surface glycoprotein (VSG, atypical), putative"
"Tb927.8.140","variant surface glycoprotein (VSG, pseudogene), putative,variant surface glycoprotein, fragment, degenerate"
"Tb927.8.1610","MSP-B, putative"
"Tb927.8.1620","MSP-B, putative"
"Tb927.8.1630","MSP-B, putative"
"Tb927.8.1640","MSP-B, putative"
"Tb927.8.1650","Protein Associated with Differentiation, putative"
"Tb927.8.170","variant surface glycoprotein (VSG, atypical), putative"
"Tb927.8.1770","hypothetical protein, conserved"
"Tb927.8.180","variant surface glycoprotein (VSG, pseudogene), putative,variant surface glycoprotein, fragment"
"Tb927.8.1850","mitochondrial calcium uptake 1"
"Tb927.8.190","variant surface glycoprotein (VSG, pseudogene), putative,variant surface glycoprotein, degenerate"
"Tb927.8.200","UDP-Gal or UDP-GlcNAc-dependent glycosyltransferase (pseudogene), putative"
"Tb927.8.2260","hypothetical protein, conserved"
"Tb927.8.2270","hypothetical protein, conserved"
"Tb927.8.2280","hypothetical protein, conserved"
"Tb927.8.230","expression site-associated gene (ESAG, pseudogene), putative,expression site-associated gene 3 (ESAG3), degenerate"
"Tb927.8.240","variant surface glycoprotein (VSG, pseudogene), putative,variant surface glycoprotein, degenerate"
"Tb927.8.2410","amidase, putative"
"Tb927.8.250","variant surface glycoprotein (VSG, pseudogene), putative,variant surface glycoprotein, degenerate"
"Tb927.8.2640","ubiquitin-activating enzyme e1, putative (UBA1)"
"Tb927.8.2790","acetyl-CoA synthetase (pseudogene), putative,acetyl-CoA synthetase, truncated"
"Tb927.8.280","variant surface glycoprotein (VSG), putative"
"Tb927.8.2830","hypothetical protein, conserved"
"Tb927.8.2900","mannosyl-oligosaccharide 1,2-alpha-mannosidase IB, fragment"
"Tb927.8.290","variant surface glycoprotein (VSG, pseudogene), putative,variant surface glycoprotein, degenerate"
"Tb927.8.2920","mannosyl-oligosaccharide 1,2-alpha-mannosidase IB, putative"
"Tb927.8.2930","mannosyl-oligosaccharide 1,2-alpha-mannosidase IB, putative"
"Tb927.8.2940","mannosyl-oligosaccharide 1,2-alpha-mannosidase IB, putative"
"Tb927.8.2950","hypothetical protein, conserved"
"Tb927.8.3010","hypothetical protein, conserved"
"Tb927.8.3080","hypothetical protein, conserved"
"Tb927.8.310","variant surface glycoprotein (VSG, pseudogene), putative,variant surface glycoprotein, degenerate"
"Tb927.8.320","variant surface glycoprotein (VSG, pseudogene), putative,variant surface glycoprotein, degenerate"
"Tb927.8.330","variant surface glycoprotein (VSG, pseudogene), putative,variant surface glycoprotein, point mutation"
"Tb927.8.3360","hypothetical protein, conserved"
"Tb927.8.340","variant surface glycoprotein (VSG, pseudogene), putative,variant surface glycoprotein, degenerate"
"Tb927.8.3410","hypothetical protein, conserved"
"Tb927.8.3490","hypothetical protein, conserved"
"Tb927.8.3500","hypothetical protein, conserved"
"Tb927.8.350","variant surface glycoprotein (VSG, pseudogene), putative,variant surface glycoprotein, point mutation"
"Tb927.8.3510","thymidylate kinase, putative"
"Tb927.8.360","variant surface glycoprotein (VSG, pseudogene), putative,variant surface glycoprotein, degenerate"
"Tb927.8.3630","folate transporter, putative,expression site-associated gene 10 (ESAG10) protein, putative"
"Tb927.8.370","expression site-associated gene (ESAG, pseudogene), putative,expression site-associated gene 3 (ESAG3), degenerate"
"Tb927.8.380","variant surface glycoprotein (VSG, pseudogene), putative,variant surface glycoprotein, degenerate"
"Tb927.8.3890","hypothetical protein, conserved"
"Tb927.8.3900","hypothetical protein, conserved"
"Tb927.8.390","expression site-associated gene (ESAG, pseudogene), putative,expression site-associated gene 3 (ESAG3), degenerate"
"Tb927.8.3910","thymidylate kinase, putative"
"Tb927.8.3920","hypothetical protein, conserved"
"Tb927.8.3930","hypothetical protein, conserved"
"Tb927.8.3980","hypothetical protein, conserved"
"Tb927.8.4010","flagellum-adhesion glycoprotein (fla1)"
"Tb927.8.4020","Zinc finger CCCH domain-containing protein 24 (ZC3H24)"
"Tb927.8.4030","class I transcription factor A, subunit 5a (CITFA-5a)"
"Tb927.8.4040","endonuclease G, putative"
"Tb927.8.4050","hypothetical protein, conserved"
"Tb927.8.4070","zinc finger protein family member, putative (ZC3H25)"
"Tb927.8.4080","hypothetical protein, conserved"
"Tb927.8.4090","endonuclease G, putative"
"Tb927.8.4100","hypothetical protein, conserved"
"Tb927.8.410","variant surface glycoprotein (VSG, pseudogene), putative,variant surface glycoprotein, degenerate"
"Tb927.8.4110","flagellum-adhesion glycoprotein, putative"
"Tb927.8.4120","zinc finger protein family member, putative (ZC3H26)"
"Tb927.8.4130","class I transcription factor A, subunit 5b (CITFA-5b)"
"Tb927.8.4170","RNA-binding protein, putative (MRD1)"
"Tb927.8.420","variant surface glycoprotein (VSG, pseudogene), putative,variant surface glycoprotein, frameshift"
"Tb927.8.4250","hypothetical protein, conserved"
"Tb927.8.4270","hypothetical protein, conserved"
"Tb927.8.4300","hypothetical protein"
"Tb927.8.430","variant surface glycoprotein (VSG, pseudogene), putative,variant surface glycoprotein, degenerate"
"Tb927.8.4400","hypothetical protein, conserved"
"Tb927.8.440","variant surface glycoprotein (VSG, pseudogene), putative,variant surface glycoprotein, frameshift"
"Tb927.8.450","expression site-associated gene (ESAG, pseudogene), putative,expression site-associated gene 3 (ESAG3), degenerate"
"Tb927.8.460","variant surface glycoprotein (VSG, atypical), putative"
"Tb927.8.4700","amino acid transporter, putative (AATP6)"
"Tb927.8.4710","amino acid transporter, putative"
"Tb927.8.4720","amino acid transporter, putative"
"Tb927.8.4730","amino acid transporter, putative"
"Tb927.8.4740","amino acid transporter, putative"
"Tb927.8.4750","amino acid transporter (pseudogene), putative,amino acid transporter, truncated"
"Tb927.8.490","hypothetical protein"
"Tb927.8.4980","Paraflagellar rod protein 2,Paraflagellar rod protein A (PFR2)"
"Tb927.8.4990","Paraflagellar rod protein 2,Paraflagellar rod protein A (PFR2)"
"Tb927.8.5000","Paraflagellar rod protein 2,Paraflagellar rod protein A (PFR2)"
"Tb927.8.500","hypothetical protein"
"Tb927.8.5010","Paraflagellar rod protein 2,Paraflagellar rod protein A (PFR2)"
"Tb927.8.5170","hypothetical protein, conserved"
"Tb927.8.530","leucine-rich repeat protein (LRRP), point mutation"
"Tb927.8.5420","hypothetical protein, conserved"
"Tb927.8.5440","flagellar calcium-binding protein,24 kDa calflagin,24 kDa calcimedin (Tb-24)"
"Tb927.8.5465","flagellar calcium-binding protein,24 kDa calflagin,24 kDa calcimedin (Tb-24)"
"Tb927.8.5470","flagellar calcium-binding protein,17 kDa calflagin,17 kDa calcimedin (Tb-17)"
"Tb927.8.5680","hypothetical protein, conserved"
"Tb927.8.6150","40S ribosomal protein S8, putative"
"Tb927.8.6830","kinesin, putative"
"Tb927.8.6980","hypothetical protein, conserved"
"Tb927.8.7200","hypothetical protein, conserved"
"Tb927.8.7300","variant surface glycoprotein (VSG)-related, putative"
"Tb927.8.7310","hypothetical protein"
"Tb927.8.7320","variant surface glycoprotein (VSG)-related, putative"
"Tb927.8.7340","trans-sialidase, putative,neuraminidase, putative"
"Tb927.8.7350","trans-sialidase, putative,neuraminidase, putative"
"Tb927.8.7380","dihydrolipoamide dehydrogenase, point mutation,acetoin dehydrogenase e3 component, putative"
"Tb927.8.7410","calreticulin, putative"
"Tb927.8.7430","ubiquinol-cytochrome c reductase, putative"
"Tb927.8.7450","myosin heavy chain kinase A, putative"
"Tb927.8.7470","hypothetical protein, conserved"
"Tb927.8.7500","hypothetical protein, conserved"
"Tb927.8.7620","amino acid transporter 1, putative (AATP1)"
"Tb927.8.7630","amino acid transporter 1, putative (AATP1)"
"Tb927.8.7640","amino acid transporter 1, putative (AATP1)"
"Tb927.8.7650","amino acid transporter, putative"
"Tb927.8.7670","amino acid transporter, putative"
"Tb927.8.7680","amino acid transporter, putative"
"Tb927.8.7700","amino acid transporter, putative"
"Tb927.8.7810","hypothetical protein, conserved"
"Tb927.8.7860","receptor-type adenylate cyclase GRESAG 4, putative"
"Tb927.8.7870","receptor-type adenylate cyclase GRESAG 4, putative"
"Tb927.8.7880","receptor-type adenylate cyclase GRESAG 4 (pseudogene), putative,receptor-type adenylate cyclase GRESAG 4, fragment"
"Tb927.8.7890","receptor-type adenylate cyclase GRESAG 4, putative"
"Tb927.8.7900","receptor-type adenylate cyclase GRESAG 4, putative"
"Tb927.8.7930","receptor-type adenylate cyclase GRESAG 4, putative"
"Tb927.8.7940","receptor-type adenylate cyclase GRESAG 4, putative"
"Tb927.8.8080","UDP-Gal or UDP-GlcNAc-dependent glycosyltransferase (pseudogene), putative"
"Tb927.8.8090","UDP-Gal or UDP-GlcNAc-dependent glycosyltransferase, putative"
"Tb927.8.8100","UDP-Gal or UDP-GlcNAc-dependent glycosyltransferase, putative"
"Tb927.8.8180","mitochondrial RNA binding complex 1 subunit (MRB8180)"
"Tb927.8.8190","hypothetical protein, conserved"
"Tb927.8.8220","amino acid transporter, putative"
"Tb927.8.8230","amino acid transporter, putative"
"Tb927.8.8250","amino acid transporter, putative"
"Tb927.8.8260","amino acid transporter, putative"
"Tb927.8.8290","amino acid transporter AATP5"
"Tb927.8.930","hypothetical protein"
"Tb927.8.940","hypothetical protein, conserved"
"Tb927.8.960","hypothetical protein, conserved"
"Tb927.8.970","hypothetical protein"
"Tb927.9.1000","variant surface glycoprotein (VSG, pseudogene), putative,variant surface glycoprotein (VSG), degenerate"
"Tb927.9.100","variant surface glycoprotein (VSG, pseudogene), putative"
"Tb927.9.1020","hypothetical protein, unlikely"
"Tb927.9.1030","variant surface glycoprotein (VSG, pseudogene), putative,variant surface glycoprotein (VSG), frameshifted and degenerate"
"Tb927.9.10640","synaptojanin (N-terminal domain), putative"
"Tb927.9.1070","variant surface glycoprotein (VSG, pseudogene), putative,variant surface glycoprotein (VSG), point mutation"
"Tb927.9.1080","expression site-associated gene 3 (ESAG3, pseudogene), putative,expression site-associated gene 3 (ESAG3), degenerate and frameshifted"
"Tb927.9.10960","ATP-dependent DEAD/H RNA helicase, putative"
"Tb927.9.11000","small GTPase, putative,GTP-binding protein, putative (RAB7)"
"Tb927.9.110","hypothetical protein, unlikely"
"Tb927.9.1110","variant surface glycoprotein (VSG, atypical), putative"
"Tb927.9.1130","variant surface glycoprotein (VSG, pseudogene), putative"
"Tb927.9.1140","variant surface glycoprotein (VSG, pseudogene), putative,variant surface glycoprotein (VSG), frameshifted and point mutation"
"Tb927.9.11410","unspecified product"
"Tb927.9.11470","60S ribosomal protein L27a,60S ribosomal protein L28,60S ribosomal protein L29"
"Tb927.9.11490","60S ribosomal protein L27a,60S ribosomal protein L28,60S ribosomal protein L29 (RPL27A)"
"Tb927.9.1150","variant surface glycoprotein (VSG), pseudogene"
"Tb927.9.11520","hypothetical protein, conserved"
"Tb927.9.11580","Gim5A protein,glycosomal membrane protein (gim5A)"
"Tb927.9.1160","variant surface glycoprotein (VSG, pseudogene), putative,variant surface glycoprotein (VSG), fragment with point mutation"
"Tb927.9.1170","variant surface glycoprotein (VSG, pseudogene), putative,variant surface glycoprotein (VSG), degenerate frameshifted"
"Tb927.9.1180","variant surface glycoprotein (VSG, pseudogene), putative,variant surface glycoprotein (VSG), frameshifted degenerate and interrupted"
"Tb927.9.11900","acyl transferase-like protein"
"Tb927.9.1190","variant surface glycoprotein (VSG, pseudogene), putative,variant surface glycoprotein (VSG), fragment interrupted"
"Tb927.9.120","variant surface glycoprotein (VSG, pseudogene), putative"
"Tb927.9.1210","variant surface glycoprotein (VSG, pseudogene), putative,variant surface glycoprotein (VSG), frameshifted fragment"
"Tb927.9.1250","variant surface glycoprotein (VSG), putative"
"Tb927.9.12530","hypothetical protein, conserved"
"Tb927.9.12570","glycerol kinase, glycosomal (glk1)"
"Tb927.9.12590","glycerol kinase, glycosomal (glk1)"
"Tb927.9.12610","glycerol kinase, glycosomal (glk1)"
"Tb927.9.12630","glycerol kinase, glycosomal (glk1)"
"Tb927.9.1270","hypothetical protein, unlikely"
"Tb927.9.12770","hypothetical protein, conserved"
"Tb927.9.12780","hypothetical protein, conserved"
"Tb927.9.12800","hypothetical protein, conserved"
"Tb927.9.13010","hypothetical protein, conserved"
"Tb927.9.13060","hypothetical protein, conserved"
"Tb927.9.130","variant surface glycoprotein (VSG, pseudogene), putative"
"Tb927.9.1310","hypothetical protein, unlikely"
"Tb927.9.13140","hypothetical protein, conserved"
"Tb927.9.13360","ubiquitin-protein ligase, putative (upl3)"
"Tb927.9.13490","aminopeptidase P, putative,metallo-peptidase, Clan MG, Family M24"
"Tb927.9.13500","hypothetical protein, unlikely"
"Tb927.9.13650","ADP-ribosylation factor, putative"
"Tb927.9.13655","ADP-ribosylation factor"
"Tb927.9.13680","ADP-ribosylation factor, putative"
"Tb927.9.13710","ADP-ribosylation factor, putative"
"Tb927.9.13740","ADP-ribosylation factor, putative"
"Tb927.9.13785","kinetoplastid membrane protein KMP-11"
"Tb927.9.13820","kinetoplastid membrane protein KMP-11"
"Tb927.9.13880","unspecified product"
"Tb927.9.13920","kinetoplastid membrane protein KMP-11 (KMP-11)"
"Tb927.9.14600","iron/ascorbate oxidoreductase family protein, putative"
"Tb927.9.14650","SLACS retrotransposable element (part), putative"
"Tb927.9.150","variant surface glycoprotein (VSG, pseudogene), putative"
"Tb927.9.15510","BARP protein (BARP)"
"Tb927.9.15520","BARP protein (BARP)"
"Tb927.9.15540","BARP protein (BARP)"
"Tb927.9.15580","BARP protein (BARP)"
"Tb927.9.15590","BARP protein (BARP)"
"Tb927.9.15620","BARP protein (BARP)"
"Tb927.9.15700","variant surface glycoprotein (VSG)-related, putative"
"Tb927.9.15710","variant surface glycoprotein (VSG)-related, putative"
"Tb927.9.15720","hypothetical protein, conserved"
"Tb927.9.15730","variant surface glycoprotein (VSG)-related, putative"
"Tb927.9.15750","hypothetical protein, conserved"
"Tb927.9.15760","variant surface glycoprotein (VSG)-related, putative"
"Tb927.9.15780","hypothetical protein, conserved"
"Tb927.9.15795","VSG"
"Tb927.9.15810","retrotransposon hot spot protein 3 (RHS3), putative"
"Tb927.9.15820","hypothetical protein, conserved"
"Tb927.9.15850","hypothetical protein"
"Tb927.9.15940","expression site-associated gene (ESAG) protein, putative,expression site-associated gene 3 (ESAG3) protein, putative"
"Tb927.9.15980","nucleoside transporter 1, putative"
"Tb927.9.1600","hypothetical protein, conserved"
"Tb927.9.16010","expression site-associated gene 4 (ESAG4, pseudogene), putative,expression site-associated gene 4 (ESAG4), fragment"
"Tb927.9.16050","leucine-rich repeat protein (pseudogene), putative"
"Tb927.9.160","variant surface glycoprotein (VSG, atypical), putative"
"Tb927.9.16140","variant surface glycoprotein (VSG, pseudogene), putative,variant surface glycoprotein (VSG), frameshifted and point-mutated fragment"
"Tb927.9.16150","variant surface glycoprotein (VSG, pseudogene), putative,variant surface glycoprotein (VSG), degenerate and frameshifted"
"Tb927.9.16180","variant surface glycoprotein (VSG, pseudogene), putative,variant surface glycoprotein (VSG), degenerate"
"Tb927.9.16240","variant surface glycoprotein (VSG), interrupted degenerate and frameshifted fragment"
"Tb927.9.16290","variant surface glycoprotein (VSG, pseudogene), putative,variant surface glycoprotein (VSG), fragment interrupted"
"Tb927.9.16360","variant surface glycoprotein (VSG, pseudogene), putative,variant surface glycoprotein (VSG), degenerate and frameshifted"
"Tb927.9.16370","variant surface glycoprotein (VSG, pseudogene), putative,variant surface glycoprotein (VSG), degenerate and frameshifted"
"Tb927.9.16380","variant surface glycoprotein (VSG, pseudogene), putative,variant surface glycoprotein (VSG), frameshifted"
"Tb927.9.16480","variant surface glycoprotein (VSG, pseudogene), putative,variant surface glycoprotein (VSG), degenerate fragment"
"Tb927.9.16540","variant surface glycoprotein (VSG, pseudogene), putative,variant surface glycoprotein (VSG), frameshifted and degenerate"
"Tb927.9.16570","variant surface glycoprotein (VSG, pseudogene), putative,variant surface glycoprotein (VSG), degenerate and frameshifted"
"Tb927.9.16580","expression site-associated gene 3 (ESAG3, pseudogene), putative,expression site-associated gene 3 (ESAG3), degenerate and frameshifted fragment"
"Tb927.9.16590","variant surface glycoprotein (VSG, pseudogene), putative,variant surface glycoprotein (VSG), point mutation"
"Tb927.9.16600","variant surface glycoprotein (VSG, pseudogene), putative"
"Tb927.9.16610","variant surface glycoprotein (VSG, pseudogene), putative,variant surface glycoprotein (VSG), degenerate fragment"
"Tb927.9.16630","variant surface glycoprotein (VSG, pseudogene), putative"
"Tb927.9.16660","variant surface glycoprotein (VSG), frameshifted"
"Tb927.9.16710","variant surface glycoprotein (VSG, pseudogene), putative,variant surface glycoprotein (VSG), degenerate and frameshifted fragment"
"Tb927.9.16720","variant surface glycoprotein (VSG, pseudogene), putative,variant surface glycoprotein (VSG), frameshifted and degenerate"
"Tb927.9.16750","variant surface glycoprotein (VSG, pseudogene), putative,variant surface glycoprotein (VSG), frameshifted and degenerate"
"Tb927.9.16800","hypothetical protein, conserved (pseudogene),hypothetical protein, conserved, degenerate"
"Tb927.9.16830","variant surface glycoprotein (VSG, pseudogene), putative,variant surface glycoprotein (VSG), degenerate and frameshifted"
"Tb927.9.16860","variant surface glycoprotein (VSG, pseudogene), putative,variant surface glycoprotein (VSG), frameshifted and point mutation"
"Tb927.9.16870","variant surface glycoprotein (VSG, pseudogene), putative,variant surface glycoprotein (VSG), frameshifted and point mutation"
"Tb927.9.16900","variant surface glycoprotein (VSG, pseudogene), putative,variant surface glycoprotein (VSG), degenerate and frameshifted"
"Tb927.9.16910","variant surface glycoprotein (VSG, pseudogene), putative,variant surface glycoprotein (VSG), frameshifted and point-mutated fragment"
"Tb927.9.16950","hypothetical protein"
"Tb927.9.16960","expression site-associated gene 3 (ESAG3, pseudogene), putative,expression site-associated gene 3 (ESAG3), degenerate and frameshifted"
"Tb927.9.16970","variant surface glycoprotein (VSG, pseudogene), putative,variant surface glycoprotein (VSG), point mutation"
"Tb927.9.17070","variant surface glycoprotein (VSG, pseudogene), putative,variant surface glycoprotein (VSG), point mutation"
"Tb927.9.17100","expression site-associated gene 3 (ESAG3, pseudogene), putative,expression site-associated gene 3 (ESAG3), degenerate and frameshifted fragment"
"Tb927.9.17110","variant surface glycoprotein (VSG, pseudogene), putative,variant surface glycoprotein (VSG), fragment (VSG56)"
"Tb927.9.17250","variant surface glycoprotein (VSG), point mutation"
"Tb927.9.17370","variant surface glycoprotein (VSG, pseudogene), putative,variant surface glycoprotein (VSG), frameshifted and degenerate"
"Tb927.9.17380","Serum resistance-associated gene (SRA), putative (SRA-BC)"
"Tb927.9.17400","variant surface glycoprotein (VSG, pseudogene), putative,variant surface glycoprotein (VSG), degenerate fragment (VSG34)"
"Tb927.9.17410","variant surface glycoprotein (VSG, atypical), putative"
"Tb927.9.17430","variant surface glycoprotein (VSG, pseudogene), putative,variant surface glycoprotein (VSG), degenerate"
"Tb927.9.17460","variant surface glycoprotein (VSG, pseudogene), putative,variant surface glycoprotein (VSG), degenerate and frameshifted fragment"
"Tb927.9.17490","variant surface glycoprotein (VSG, pseudogene), putative,variant surface glycoprotein (VSG), frameshifted and point mutation"
"Tb927.9.17500","expression site-associated gene 3 (ESAG3, pseudogene), putative,expression site-associated gene 3 (ESAG3), degenerate"
"Tb927.9.17510","variant surface glycoprotein (VSG, pseudogene), putative,variant surface glycoprotein (VSG), fragment with point mutation"
"Tb927.9.17530","variant surface glycoprotein (VSG, pseudogene), putative,variant surface glycoprotein (VSG), interrupted fragment"
"Tb927.9.17570","variant surface glycoprotein (VSG, pseudogene), putative,variant surface glycoprotein (VSG), degenerate and frameshifted"
"Tb927.9.17600","variant surface glycoprotein (VSG), putative"
"Tb927.9.1770","hypothetical protein, conserved"
"Tb927.9.17710","hypothetical protein, unlikely"
"Tb927.9.17720","variant surface glycoprotein (VSG, pseudogene), putative"
"Tb927.9.17740","variant surface glycoprotein (VSG, pseudogene), putative,variant surface glycoprotein (VSG), frameshifted and point mutation"
"Tb927.9.17780","variant surface glycoprotein (VSG, pseudogene), putative,variant surface glycoprotein (VSG), fragment"
"Tb927.9.1780","sec1 family transport protein, putative (SLY1)"
"Tb927.9.17850","variant surface glycoprotein (VSG, atypical), putative"
"Tb927.9.17890","variant surface glycoprotein (VSG, pseudogene), putative,variant surface glycoprotein (VSG), degenerate and frameshifted"
"Tb927.9.17900","expression site-associated gene 3 (ESAG3, pseudogene), putative,expression site-associated gene 3 (ESAG3), frameshifted and degenerate fragment"
"Tb927.9.17930","variant surface glycoprotein (VSG, pseudogene), putative,variant surface glycoprotein (VSG), frameshifted"
"Tb927.9.17970","variant surface glycoprotein (VSG, pseudogene), putative,variant surface glycoprotein (VSG), frameshifted and point mutation"
"Tb927.9.17990","variant surface glycoprotein (VSG, pseudogene), putative,variant surface glycoprotein (VSG), point mutation and frameshifted"
"Tb927.9.18010","variant surface glycoprotein (VSG, pseudogene), putative,variant surface glycoprotein (VSG), degenerate and frameshifted"
"Tb927.9.18030","hypothetical protein, unlikely"
"Tb927.9.18040","variant surface glycoprotein (VSG, pseudogene), putative,variant surface glycoprotein (VSG), degenerate and frameshifted"
"Tb927.9.18050","variant surface glycoprotein (VSG, atypical), putative"
"Tb927.9.18100","variant surface glycoprotein (VSG, pseudogene), putative,variant surface glycoprotein (VSG), fragment"
"Tb927.9.18130","variant surface glycoprotein (VSG, pseudogene), putative"
"Tb927.9.1850","60S ribosomal protein L35, putative"
"Tb927.9.190","variant surface glycoprotein (VSG), putative"
"Tb927.9.1940","hypothetical protein, conserved"
"Tb927.9.200","variant surface glycoprotein (VSG, pseudogene), putative,variant surface glycoprotein, fragment"
"Tb927.9.210","variant surface glycoprotein (VSG, pseudogene), putative"
"Tb927.9.240","variant surface glycoprotein (VSG, pseudogene), putative"
"Tb927.9.2430","hypothetical protein, unlikely"
"Tb927.9.2470","nucleolar protein (NOP86)"
"Tb927.9.2490","nucleolar protein (NOP66)"
"Tb927.9.260","expression site-associated gene (ESAG, pseudogene), putative,expression site-associated gene 3 (ESAG3), fragment"
"Tb927.9.2802","hypothetical protein, conserved"
"Tb927.9.2803","hypothetical protein, conserved"
"Tb927.9.280","transferrin-binding protein, pseudogene,transferrin-binding protein, fragment"
"Tb927.9.2811","hypothetical protein, conserved"
"Tb927.9.2812","hypothetical protein, conserved"
"Tb927.9.2813","hypothetical protein, conserved"
"Tb927.9.2814","hypothetical protein, conserved"
"Tb927.9.2815","hypothetical protein, conserved"
"Tb927.9.2816","hypothetical protein, conserved"
"Tb927.9.2817","hypothetical protein, conserved"
"Tb927.9.2821","hypothetical protein, conserved"
"Tb927.9.2840","hypothetical protein, conserved"
"Tb927.9.2841","hypothetical protein, conserved"
"Tb927.9.2853","hypothetical protein, conserved"
"Tb927.9.2860","hypothetical protein, conserved"
"Tb927.9.310","variant surface glycoprotein (VSG, pseudogene), putative"
"Tb927.9.3120","protein kinase, putative"
"Tb927.9.3260","hypothetical protein, unlikely"
"Tb927.9.330","variant surface glycoprotein (VSG, pseudogene), putative"
"Tb927.9.340","variant surface glycoprotein (VSG, pseudogene), putative"
"Tb927.9.3710","hypothetical protein, unlikely"
"Tb927.9.3720","hypothetical protein, unlikely"
"Tb927.9.390","variant surface glycoprotein (VSG, pseudogene), putative"
"Tb927.9.3920","ribosomal protein S7, putative"
"Tb927.9.3930","hypothetical protein, conserved"
"Tb927.9.3970","nicotinamidase, putative (PNC1)"
"Tb927.9.400","variant surface glycoprotein (VSG, pseudogene), putative"
"Tb927.9.4040","nicotinamidase, putative (PNC1)"
"Tb927.9.410","variant surface glycoprotein (VSG, pseudogene), putative"
"Tb927.9.4210","fatty acyl CoA synthetase 3 (ACS3)"
"Tb927.9.4230","fatty acyl CoA synthetase 4 (ACS4)"
"Tb927.9.4300","PRP3, putative (TbPRP3)"
"Tb927.9.4340","hypothetical protein, unlikely"
"Tb927.9.460","variant surface glycoprotein (VSG, pseudogene), putative"
"Tb927.9.500","variant surface glycoprotein (VSG, pseudogene), putative,variant surface glycoprotein, fragment"
"Tb927.9.5190","proliferative cell nuclear antigen (PCNA), putative"
"Tb927.9.520","variant surface glycoprotein (VSG, pseudogene), putative,variant surface glycoprotein, fragment"
"Tb927.9.530","hypothetical protein, unlikely"
"Tb927.9.5460","Eukaryotic translation initiation factor 4 gamma type 2 (eif4g2)"
"Tb927.9.550","variant surface glycoprotein (VSG, pseudogene), putative"
"Tb927.9.560","expression site-associated gene 3 (ESAG3), pseudogene"
"Tb927.9.570","variant surface glycoprotein (VSG, atypical), putative"
"Tb927.9.5750","unspecified product"
"Tb927.9.580","variant surface glycoprotein (VSG), putative"
"Tb927.9.5840","unspecified product"
"Tb927.9.5900","glutamate dehydrogenase (GDH)"
"Tb927.9.590","variant surface glycoprotein (VSG, pseudogene), putative,variant surface glycoprotein, fragment"
"Tb927.9.5920","hypothetical protein, unlikely"
"Tb927.9.6040","E1-like ubiquitin-activating enzyme, putative (UBA5)"
"Tb927.9.6070","40S ribosomal protein S3, putative (RPS3)"
"Tb927.9.6090","PTP1-interacting protein, 39 kDa"
"Tb927.9.6100","TFIIF-stimulated CTD phosphatase, putative"
"Tb927.9.610","hypothetical protein (pseudogene)"
"Tb927.9.6110","hypothetical protein, conserved"
"Tb927.9.6160","hypothetical protein, conserved"
"Tb927.9.620","expression site-associated gene (ESAG, pseudogene), putative,expression site-associated gene 3 (ESAG3), pseudogene"
"Tb927.9.630","variant surface glycoprotein (VSG, pseudogene), putative"
"Tb927.9.6360","hypothetical protein, conserved"
"Tb927.9.6370","hypothetical protein, conserved"
"Tb927.9.6380","hypothetical protein, conserved"
"Tb927.9.640","variant surface glycoprotein (VSG, pseudogene), putative"
"Tb927.9.660","expression site-associated gene (ESAG) protein,expression site-associated gene 1 (ESAG1) protein"
"Tb927.9.6620","hypothetical protein, conserved"
"Tb927.9.670","hypothetical protein"
"Tb927.9.6760","hypothetical protein, conserved"
"Tb927.9.6865","hypothetical protein"
"Tb927.9.715","hypothetical protein"
"Tb927.9.7290","variant surface glycoprotein (VSG)-related, putative"
"Tb927.9.7300","hypothetical protein, unlikely"
"Tb927.9.7310","variant surface glycoprotein (VSG, pseudogene)-related, putative,variant surface glycoprotein (VSG), degenerate fragment"
"Tb927.9.7320","expression site-associated gene 11 (ESAG11) protein, putative"
"Tb927.9.7330","expression site-associated gene 2 (ESAG2) protein, putative"
"Tb927.9.7340","expression site-associated gene 9 (ESAG9) protein, putative"
"Tb927.9.7350","expression site-associated gene (ESAG, pseudogene), putative,expression site-associated gene 1 (ESAG1), pseudogene"
"Tb927.9.7380","variant surface glycoprotein (VSG)-related, putative"
"Tb927.9.7390","variant surface glycoprotein (VSG)-related, putative"
"Tb927.9.7400","expression site-associated gene 11 (ESAG11) protein, putative"
"Tb927.9.7410","expression site-associated gene 2 (ESAG2) protein, putative"
"Tb927.9.7420","expression site-associated gene 9 (ESAG9) protein, putative"
"Tb927.9.7430","variant surface glycoprotein (VSG)-related, putative"
"Tb927.9.7590","60S ribosomal protein L11, putative"
"Tb927.9.7850","hypothetical protein, conserved"
"Tb927.9.7860","hypothetical protein, conserved"
"Tb927.9.7870","hypothetical protein, conserved"
"Tb927.9.7880","hypothetical protein, conserved"
"Tb927.9.7900","hypothetical protein, conserved"
"Tb927.9.7910","hypothetical protein, conserved"
"Tb927.9.7930","hypothetical protein, conserved"
"Tb927.9.7940","hypothetical protein, conserved"
"Tb927.9.7950","hypothetical protein"
"Tb927.9.7960","hypothetical protein"
"Tb927.9.800","UDP-Gal or UDP-GlcNAc-dependent glycosyltransferase, putative"
"Tb927.9.8030","hypothetical protein, conserved"
"Tb927.9.8070","60S ribosomal protein L10, putative,QM-like protein (QM)"
"Tb927.9.8100","nascent polypeptide associated complex subunit, putative"
"Tb927.9.8130","nascent polypeptide associated complex subunit, putative"
"Tb927.9.8260","rhomboid-like protein,serine peptidase, Clan S- , family S54, putative"
"Tb927.9.8400","predicted zinc finger protein"
"Tb927.9.840","variant surface glycoprotein (VSG, pseudogene), putative"
"Tb927.9.8420","60S ribosomal protein L10, putative,QM-like protein"
"Tb927.9.850","variant surface glycoprotein (VSG, pseudogene), putative"
"Tb927.9.860","variant surface glycoprotein (VSG), putative"
"Tb927.9.8710","hypothetical protein, conserved"
"Tb927.9.8810","hypothetical protein, conserved"
"Tb927.9.8850","actin A"
"Tb927.9.8880","actin A"
"Tb927.9.890","variant surface glycoprotein (VSG), putative"
"Tb927.9.8910","hypothetical protein, unlikely"
"Tb927.9.8920","hypothetical protein, unlikely"
"Tb927.9.8930","hypothetical protein, unlikely"
"Tb927.9.900","variant surface glycoprotein (VSG), putative"
"Tb927.9.9030","hypothetical protein, conserved"
"Tb927.9.930","variant surface glycoprotein (VSG, pseudogene), putative"
"Tb927.9.9370","hypothetical protein, conserved"
"Tb927.9.9380","sphingomyelin/ceramide phosphorylethanolamine synthase, bifunctional,sphingomyelin synthase (SLS4)"
"Tb927.9.9390","sphingomyelin/ceramide phosphorylethanolamine synthase, bifunctional,sphingomyelin synthase (SLS3)"
"Tb927.9.940","variant surface glycoprotein (VSG, pseudogene), putative"
"Tb927.9.9410","inositol phosphorylceramide synthase (SLS1)"
